Barbaracle-1,Adamant,Bright Powder,Stone Edge,Razor Shell,Shell Smash,Double Team,Atk/Spd
Hawlucha-1,Jolly,Salac Berry,Acrobatics,High Jump Kick,Feather Dance,Taunt,Atk/Spd
Carbink-1,Calm,Light Clay,Reflect,Light Screen,Safeguard,Dazzling Gleam,Def/SpD
Pyroar-1,Timid,King's Rock,Flamethrower,Hyper Voice,Snarl,Noble Roar,Spd/SpA
Avalugg-1,Relaxed,Leftovers,Avalanche,Confide,Protect,Toxic,HP/Def
Tyrantrum-1,Relaxed,Lax Incense,Stealth Rock,Dragon Tail,Double Team,Earthquake,Def/SpD
Aurorus-1,Calm,Sitrus Berry,Substitute,Thunder Wave,Round,Thunderbolt,HP/SpD
Talonflame-1,Timid,Charti Berry,Round,Me First,Will-O-Wisp,Flamethrower,Spd/SpA
Sylveon-1,Calm,Misty Seed,Misty Terrain,Tail Whip,Helping Hand,Dazzling Gleam,HP/SpD
Chesnaught-1,Adamant,Leftovers,Taunt,Spiky Shield,Feint,Wood Hammer,Atk/Def
Delphox-1,Timid,Petaya Berry,Confide,Psychic,Flamethrower,Round,Spd/SpA
Greninja-1,Calm,Leftovers,Mat Block,Spikes,Scald,Toxic,Def/SpD
Gogoat-1,Impish,Yache Berry,Substitute,Horn Leech,Bulk Up,Payback,Def/SpD
Noivern-1,Timid,Yache Berry,Super Fang,Boomburst,Round,Torment,Spd/SpA
Florges-1,Sassy,Babiri Berry,Flower Shield,Dazzling Gleam,Energy Ball,Wish,Def/SpD
Goodra-1,Modest,Lax Incense,Substitute,Muddy Water,Dragon Pulse,Sludge Wave,SpA/SpD
Trevenant-1,Modest,Wise Glasses,Psychic,Shadow Ball,Energy Ball,Round,SpA/SpD
Gourgeist-1,Impish,Sitrus Berry,Will-O-Wisp,Trick-or-Treat,Pain Split,Phantom Force,HP/Def
Clawitzer-1,Calm,Bright Powder,Heal Pulse,Muddy Water,Double Team,Confide,Def/SpD
Beedrill-1,Adamant,Expert Belt,Poison Jab,Pursuit,Fell Stinger,Toxic,Atk/Spd
Aromatisse-1,Calm,Lax Incense,Charm,Sweet Kiss,Attract,Draining Kiss,HP/SpD
Minior-1,Sassy,Light Clay,U-turn,Rock Tomb,Light Screen,Reflect,HP/SpD
Oricorio (Sensu)-1,Calm,Weakness Policy,Revelation Dance,Pluck,Calm Mind,Baton Pass,HP/SpD
Lycanroc-1,Naughty,Rockium Z,Stealth Rock,Accelerock,Rock Polish,Rock Climb,HP/Atk/Def
Comfey-1,Modest,Petaya Berry,Energy Ball,Flower Shield,Dazzling Gleam,Endure,HP/SpA
Toxapex-1,Sassy,Poisonium Z,Toxic Spikes,Venom Drench,Venoshock,Scald,HP/Def/SpD
Golisopod-1,Modest,Eject Button,First Impression,Struggle Bug,Scald,Ice Beam,HP/SpA
Lurantis-1,Modest,Heat Rock,Solar Beam,Weather Ball,Sunny Day,Synthesis,SpA/SpD
Ribombee-1,Naive,Big Root,Substitute,Leech Life,Draining Kiss,Stun Spore,HP/Spd
Vikavolt-1,Quiet,Focus Band,Charge Beam,Energy Ball,Mud-Slap,Charge,Def/SpA
Mudsdale-1,Sassy,Sitrus Berry,Counter,Rest,Sleep Talk,Payback,HP/SpD
Decidueye-1,Naive,Flyinium Z,Brave Bird,Feather Dance,Ominous Wind,Defog,HP/Atk/Spd
Incineroar-1,Naughty,Razor Fang,Brutal Swing,Fire Fang,Bulk Up,Lick,Atk/Spd
Primarina-1,Lax,Mystic Water,Bubble Beam,Shadow Ball,Energy Ball,Aqua Ring,HP/SpD
Araquanid-1,Relaxed,Bright Powder,Double Team,Toxic,Stockpile,Aqua Ring,HP/Def
Bewear-1,Sassy,Persim Berry,Thrash,Brutal Swing,Low Sweep,Wide Guard,Atk/SpD
Turtonator-1,Sassy,Rocky Helmet,Shell Trap,Dragon Tail,Fire Spin,Taunt,HP/SpD
Bruxish-1,Modest,Wacan Berry,Psychic,Scald,Blizzard,Disable,HP/SpA
Drampa-1,Lax,Shell Bell,Thunderbolt,Flamethrower,Surf,Dragon Pulse,HP/Def
Dhelmise-1,Brave,Float Stone,Heavy Slam,Shadow Claw,Switcheroo,Energy Ball,HP/Atk/SpA
Togedemaru-1,Impish,Rocky Helmet,Spiky Shield,Wish,Nuzzle,Reflect,HP/Def
Azelf-1,Adamant,Weakness Policy,Explosion,Payback,Acrobatics,Rest,HP/Atk
Kommo-o-1,Sassy,Focus Sash,Counter,Reversal,Dragon Tail,Taunt,HP/SpD
Uxie-1,Bold,Chesto Berry,Calm Mind,Rest,Extrasensory,Thunder Wave,HP/Def/SpD
Mesprit-1,Adamant,Flame Orb,Acrobatics,U-turn,Facade,Fling,HP/Atk
Heat Rotom-1,Mild,Sitrus Berry,Thunder Wave,Electro Ball,Double Team,Ominous Wind,HP/SpA
Wash Rotom-1,Quiet,Leftovers,Charge Beam,Confuse Ray,Double Team,Substitute,HP/SpA
Mow Rotom-1,Lax,Light Clay,Reflect,Light Screen,Volt Switch,Leaf Storm,HP/Def
Frost Rotom-1,Calm,Bright Powder,Double Team,Charge Beam,Charge,Ominous Wind,HP/SpD
Fan Rotom-1,Sassy,Damp Rock,Rain Dance,Thunder,Air Slash,Shadow Ball,HP/SpD
Electivire-1,Naive,Bright Powder,Thunder Wave,Focus Punch,Rock Slide,Fire Punch,Atk/Spd
Magmortar-1,Lonely,Quick Claw,Will-O-Wisp,Confuse Ray,Thunder Punch,Fire Punch,HP/Atk
Barbaracle-2,Modest,Wise Glasses,Ancient Power,Blizzard,Surf,Focus Blast,Def/SpA
Hawlucha-2,Careful,Leftovers,Toxic,Bounce,Roost,Protect,Def/SpD
Carbink-2,Bold,Smooth Rock,Toxic,Protect,Sandstorm,Power Gem,Def/SpD
Pyroar-2,Timid,Heat Rock,Sunny Day,Hyper Voice,Fire Blast,Solar Beam,Spd/SpA
Avalugg-2,Careful,Apicot Berry,Rest,Curse,Frost Breath,Skull Bash,Def/SpD
Tyrantrum-2,Impish,Leftovers,Crunch,Charm,Sandstorm,Dragon Claw,Def/SpD
Aurorus-2,Calm,Leftovers,Ancient Power,Hail,Sandstorm,Freeze-Dry,HP/SpD
Talonflame-2,Timid,Heat Rock,Round,Fire Blast,Sunny Day,Solar Beam,Spd/SpA
Sylveon-2,Calm,Ganlon Berry,Baton Pass,Calm Mind,Psych Up,Moonblast,Def/SpD
Chesnaught-2,Adamant,Expert Belt,Dragon Claw,Seed Bomb,Earthquake,Brick Break,Atk/Def
Delphox-2,Modest,Flame Orb,Role Play,Switcheroo,Mystical Fire,Shadow Ball,Spd/SpA
Greninja-2,Timid,Damp Rock,Rain Dance,Surf,Round,Ice Beam,Spd/SpA
Gogoat-2,Quiet,Occa Berry,Surf,Energy Ball,Rock Slide,Grass Knot,Atk/SpA
Noivern-2,Adamant,Roseli Berry,Dragon Claw,Wild Charge,X-Scissor,Acrobatics,Atk/Spd
Florges-2,Quiet,Kebia Berry,Misty Terrain,Grassy Terrain,Nature Power,Round,SpA/SpD
Goodra-2,Careful,Lum Berry,Aqua Tail,Body Slam,Earthquake,Outrage,Atk/SpD
Trevenant-2,Careful,Leftovers,Toxic,Ingrain,Protect,Phantom Force,Def/SpD
Gourgeist-2,Impish,Iron Ball,Trick Room,Gyro Ball,Seed Bomb,Explosion,HP/Def/SpD
Clawitzer-2,Modest,Petaya Berry,Flash Cannon,Scald,Sludge Wave,Round,SpA/SpD
Beedrill-2,Calm,Occa Berry,Infestation,Protect,Attract,Toxic,HP/SpD
Aromatisse-2,Calm,Assault Vest,Round,Psychic,Energy Ball,Dazzling Gleam,SpA/SpD
Probopass-1,Impish,Chesto Berry,Thunder Wave,Double Team,Rest,Magnet Bomb,HP/Def
Lickilicky-1,Modest,Expert Belt,Blizzard,Muddy Water,Fire Blast,Thunder,HP/SpA
Minior-2,Bold,Absorb Bulb,Confuse Ray,Cosmic Power,Ancient Power,Charge Beam,HP/Def/SpD
Oricorio (Pa'u Style)-1,Hasty,Charti Berry,Revelation Dance,Teeter Dance,Feather Dance,Acrobatics,HP/Spd
Lycanroc (Midnight)-1,Calm,Focus Sash,Counter,Reversal,Sucker Punch,Rock Slide,HP/SpD
Comfey-2,Adamant,Muscle Band,U-turn,Play Rough,Petal Dance,Acrobatics,Atk/Spd
Toxapex-2,Quiet,Wacan Berry,Sludge Wave,Surf,Blizzard,Wide Guard,HP/SpA/SpD
Golisopod-2,Lonely,Sitrus Berry,Swords Dance,Leech Life,Razor Shell,Sucker Punch,HP/Atk
Lurantis-2,Sassy,Grassium Z,Solar Blade,Ingrain,Synthesis,Giga Drain,HP/SpD
Ribombee-2,Timid,Light Clay,Pollen Puff,Reflect,Light Screen,U-turn,HP/Spd
Vikavolt-2,Impish,Magnet,Wild Charge,Bug Bite,Sky Drop,Electroweb,HP/Def/SpD
Mudsdale-2,Naughty,Rindo Berry,Earthquake,Superpower,Rock Tomb,Roar,HP/Atk
Decidueye-2,Calm,Sitrus Berry,Curse,Confuse Ray,Roost,Energy Ball,HP/SpD
Incineroar-2,Modest,Firium Z,Fake Out,Heat Wave,Snarl,Will-O-Wisp,HP/SpA
Primarina-2,Mild,Normalium Z,Hyper Voice,Disarming Voice,Growl,Sing,HP/Def/SpD
Araquanid-2,Relaxed,Sitrus Berry,Mirror Coat,Leech Life,Blizzard,Scald,HP/Def
Bewear-2,Careful,Chesto Berry,Bulk Up,Rest,Force Palm,Payback,HP/SpD
Turtonator-2,Calm,Heat Rock,Shell Trap,Solar Beam,Flamethrower,Sunny Day,HP/SpD
Bruxish-2,Brave,Normalium Z,Aqua Jet,Screech,Confide,Facade,HP/Atk
Drampa-2,Bold,Sitrus Berry,Roost,Snarl,Play Nice,Dragon Breath,HP/Def
Dhelmise-2,Modest,Steelium Z,Metal Sound,Flash Cannon,Energy Ball,Shadow Ball,HP/SpA
Togedemaru-2,Hasty,Terrain Extender,Electric Terrain,Wild Charge,Fake Out,U-turn,HP/Spd
Azelf-2,Naive,Electrium Z,Charge Beam,Extrasensory,Thunder Wave,Grass Knot,Spd/SpA
Kommo-o-2,Jolly,Cheri Berry,Dragon Dance,Dragon Claw,Brick Break,Rock Slide,Atk/Spd
Uxie-2,Calm,Psychium Z,Future Sight,Memento,U-turn,Reflect,HP/SpD
Mesprit-2,Calm,Bright Powder,Future Sight,Healing Wish,Copycat,Thunder Wave,HP/SpD
Heat Rotom-2,Calm,Bright Powder,Will-O-Wisp,Hex,Confuse Ray,Charge Beam,HP/SpD
Wash Rotom-2,Timid,Choice Scarf,Trick,Thunder Wave,Discharge,Hydro Pump,HP/Spd
Mow Rotom-2,Sassy,Sitrus Berry,Will-O-Wisp,Hex,Charge,Charge Beam,HP/SpD
Frost Rotom-2,Relaxed,Light Clay,Blizzard,Discharge,Reflect,Light Screen,HP/Def/SpD
Fan Rotom-2,Timid,Sitrus Berry,Will-O-Wisp,Hex,Volt Switch,Confuse Ray,Spd/SpA
Barbaracle-3,Adamant,Expert Belt,Dragon Claw,Earthquake,X-Scissor,Night Slash,Atk/Def
Hawlucha-3,Adamant,Liechi Berry,Swords Dance,Flying Press,Acrobatics,Steel Wing,Atk/Spd
Carbink-3,Quiet,Iron Ball,Trick Room,Gyro Ball,Dazzling Gleam,Power Gem,SpA/SpD
Pyroar-3,Adamant,Lum Berry,Return,Fire Fang,Wild Charge,Crunch,Atk/Spd
Avalugg-3,Bold,Icy Rock,Hail,Blizzard,Recover,Flash Cannon,Def/SpD
Tyrantrum-3,Impish,Wide Lens,Horn Drill,Stone Edge,Rest,Sleep Talk,HP/Def
Aurorus-3,Adamant,Expert Belt,Giga Impact,Earthquake,Stone Edge,Frost Breath,Atk/SpD
Talonflame-3,Jolly,Focus Sash,Swords Dance,Quick Attack,Flail,Acrobatics,Def/Spd
Sylveon-3,Modest,Razor Claw,Moonblast,Shadow Ball,Round,Psyshock,SpA/SpD
Chesnaught-3,Modest,Life Orb,Focus Blast,Energy Ball,Sludge Bomb,Round,Def/SpA
Delphox-3,Timid,Heat Rock,Sunny Day,Solar Beam,Fire Blast,Psychic,Spd/SpA
Greninja-3,Jolly,King's Rock,Water Shuriken,Rock Slide,Grass Knot,U-turn,Atk/Spd
Gogoat-3,Sassy,Big Root,Horn Leech,Leech Seed,Protect,Payback,HP/Atk
Noivern-3,Modest,Razor Fang,Air Slash,Dragon Pulse,Flamethrower,Psychic,Spd/SpA
Florges-3,Modest,Kebia Berry,Calm Mind,Grass Knot,Psychic,Moonblast,SpA/SpD
Goodra-3,Modest,Damp Rock,Dragon Pulse,Rain Dance,Thunder,Muddy Water,SpA/SpD
Trevenant-3,Adamant,Choice Band,Horn Leech,Shadow Claw,Earthquake,X-Scissor,HP/Atk
Gourgeist-3,Modest,Wise Glasses,Shadow Ball,Sludge Bomb,Energy Ball,Flamethrower,Def/SpA
Clawitzer-3,Jolly,Focus Sash,Crabhammer,Return,U-turn,Flail,Atk/Spd
Beedrill-3,Jolly,Beedrillite,Poison Jab,U-turn,Brick Break,X-Scissor,Atk/Spd
Aromatisse-3,Modest,Expert Belt,Flash Cannon,Thunder,Psyshock,Moonblast,SpA/SpD
Electivire-2,Impish,Electric Seed,Electric Terrain,Hammer Arm,Thunder Punch,Bulldoze,HP/Def
Magmortar-2,Naughty,Sitrus Berry,Belly Drum,Mach Punch,Belch,Flare Blitz,HP/Def
Probopass-2,Relaxed,Leftovers,Thunder Wave,Bulldoze,Rock Slide,Stealth Rock,HP/Def
Lickilicky-2,Careful,Normalium Z,Defense Curl,Rollout,Me First,Power Whip,HP/SpD
Minior-3,Jolly,Red Card,Earthquake,Acrobatics,Stone Edge,Autotomize,Atk/Spd
Oricorio (Pom-Pom)-1,Modest,Flyinium Z,Revelation Dance,Air Slash,Roost,Tailwind,HP/SpA
Lycanroc-2,Jolly,Life Orb,Quick Attack,Thunder Fang,Accelerock,Rock Slide,Atk/Spd
Comfey-3,Timid,Grassium Z,Dazzling Gleam,Petal Blizzard,Grassy Terrain,Floral Healing,Spd/SpA
Toxapex-3,Modest,Red Card,Baneful Bunker,Venoshock,Surf,Ice Beam,HP/SpA
Golisopod-3,Adamant,Quick Claw,First Impression,Liquidation,Leech Life,Brick Break,HP/Atk
Lurantis-3,Adamant,Power Herb,Solar Blade,Leech Life,Poison Jab,Payback,HP/Atk
Ribombee-3,Bold,Sitrus Berry,Quiver Dance,Baton Pass,Silver Wind,Draining Kiss,HP/Def/SpD
Vikavolt-3,Modest,Electrium Z,Thunderbolt,Mud Shot,Flash Cannon,Thunder Wave,HP/SpA
Mudsdale-3,Adamant,Passho Berry,Earthquake,Rock Slide,Mud-Slap,Payback,HP/Atk
Decidueye-3,Adamant,Life Orb,Spirit Shackle,Leaf Blade,Sucker Punch,Smack Down,Atk/Spd
Incineroar-3,Adamant,Firium Z,Darkest Lariat,Throat Chop,Earthquake,Flare Blitz,Atk/Spd
Primarina-3,Modest,Kebia Berry,Hydro Pump,Moonblast,Psychic,Baby-Doll Eyes,HP/SpA
Araquanid-3,Impish,Leftovers,Lunge,Liquidation,Crunch,Stockpile,HP/Def
Bewear-3,Brave,Quick Claw,Hammer Arm,Ice Punch,Thunder Punch,Swords Dance,HP/Atk
Turtonator-3,Lonely,Normalium Z,Head Smash,Explosion,Overheat,Dragon Claw,HP/Atk
Bruxish-3,Jolly,Waterium Z,Psychic Fangs,Aqua Jet,Ice Fang,Rain Dance,Atk/Spd
Drampa-3,Modest,Quick Claw,Hyper Voice,Dragon Pulse,Fire Blast,Roost,HP/SpA
Dhelmise-3,Adamant,Expert Belt,Gyro Ball,Phantom Force,Rock Slide,Brick Break,HP/Atk
Togedemaru-3,Adamant,Red Card,Zing Zap,Nuzzle,Fell Stinger,Poison Jab,HP/Atk
Azelf-3,Timid,Focus Sash,Nasty Plot,Psyshock,Energy Ball,Thunderbolt,Spd/SpA
Kommo-o-3,Modest,Sitrus Berry,Clanging Scales,Focus Blast,Autotomize,Flash Cannon,HP/SpA
Uxie-3,Modest,Quick Claw,Psyshock,Energy Ball,Thunder,Shadow Ball,HP/SpA
Mesprit-3,Modest,Kasib Berry,Psyshock,Grass Knot,Shadow Ball,Charm,HP/SpA
Heat Rotom-3,Modest,Passho Berry,Thunder Wave,Dark Pulse,Thunderbolt,Overheat,HP/SpA
Wash Rotom-3,Modest,Rindo Berry,Hydro Pump,Thunderbolt,Thunder Wave,Dark Pulse,HP/SpA
Mow Rotom-3,Modest,Grassium Z,Leaf Storm,Volt Switch,Will-O-Wisp,Shadow Ball,HP/SpA
Barbaracle-4,Adamant,Razor Claw,Stone Edge,Razor Shell,Cross Chop,Shadow Claw,Atk/Def
Hawlucha-4,Jolly,Power Herb,Sky Attack,Flying Press,U-turn,Stone Edge,Atk/Spd
Carbink-4,Quiet,Scope Lens,Explosion,Psychic,Moonblast,Power Gem,Atk/SpA
Pyroar-4,Modest,White Herb,Overheat,Hyper Voice,Dark Pulse,Round,Spd/SpA
Avalugg-4,Brave,Iron Ball,Stone Edge,Avalanche,Gyro Ball,Earthquake,Atk/Def
Tyrantrum-4,Adamant,Choice Band,Crunch,Dragon Claw,Earthquake,Head Smash,Atk/Spd
Aurorus-4,Modest,Life Orb,Hyper Beam,Flash Cannon,Thunder,Psychic,SpA/SpD
Talonflame-4,Adamant,Sitrus Berry,Brave Bird,Flare Blitz,Quick Attack,Swords Dance,Atk/Spd
Sylveon-4,Modest,Big Root,Draining Kiss,Baby-Doll Eyes,Psyshock,Misty Terrain,SpA/SpD
Chesnaught-4,Adamant,White Herb,Wood Hammer,Hammer Arm,Earthquake,Stone Edge,Atk/Def
Delphox-4,Modest,White Herb,Overheat,Psychic,Shadow Ball,Psyshock,Spd/SpA
Greninja-4,Modest,Wide Lens,Hydro Pump,Dark Pulse,Blizzard,Extrasensory,Spd/SpA
Gogoat-4,Adamant,Choice Band,Earthquake,Leaf Blade,Wild Charge,Brick Break,Atk/Spd
Noivern-4,Modest,Wide Lens,Dragon Pulse,Hurricane,Flamethrower,Focus Blast,Spd/SpA
Florges-4,Modest,Lum Berry,Round,Petal Dance,Psychic,Moonblast,SpA/SpD
Goodra-4,Modest,White Herb,Draco Meteor,Thunder,Blizzard,Fire Blast,SpA/SpD
Trevenant-4,Quiet,Iron Ball,Trick Room,Focus Blast,Energy Ball,Shadow Ball,Def/SpA
Gourgeist-4,Adamant,Life Orb,Trick-or-Treat,Phantom Force,Seed Bomb,Rock Slide,HP/Atk
Clawitzer-4,Modest,Choice Specs,Water Pulse,Dark Pulse,Dragon Pulse,Aura Sphere,Spd/SpA
Beedrill-4,Adamant,Beedrillite,Poison Jab,Pin Missile,Brick Break,Protect,Atk/Spd
Aromatisse-4,Sassy,Leftovers,Aromatic Mist,Dazzling Gleam,Heal Pulse,Trick Room,HP/SpD
Frost Rotom-3,Modest,Electrium Z,Blizzard,Thunder Wave,Dark Pulse,Thunderbolt,HP/SpA
Fan Rotom-3,Modest,Weakness Policy,Air Slash,Thunder Wave,Thunderbolt,Dark Pulse,HP/SpA
Electivire-3,Adamant,Expert Belt,Wild Charge,Earthquake,Fire Punch,Ice Punch,HP/SpA
Magmortar-3,Adamant,Air Balloon,Flare Blitz,Cross Chop,Flame Charge,Rock Slide,HP/Atk
Probopass-3,Jolly,Quick Claw,Explosion,Rock Blast,Volt Switch,Sandstorm,Atk/SpD
Lickilicky-3,Adamant,Quick Claw,Body Slam,Knock Off,Hammer Arm,Zen Headbutt,HP/Atk
Minior-4,Adamant,Sitrus Berry,Rock Slide,Shell Smash,Explosion,Acrobatics,HP/Atk
Oricorio-1,Timid,Choice Specs,Revelation Dance,Hurricane,U-turn,Air Slash,Spd/SpA
Lycanroc (Midnight)-2,Adamant,Expert Belt,Sucker Punch,Stone Edge,Thunder Fang,Fire Fang,HP/Atk
Comfey-4,Calm,Big Root,Draining Kiss,Calm Mind,Sweet Kiss,Leech Seed,HP/SpD
Toxapex-4,Careful,Black Sludge,Baneful Bunker,Liquidation,Payback,Stockpile,HP/SpD
Golisopod-4,Adamant,Life Orb,First Impression,Aqua Jet,Sucker Punch,Rock Slide,HP/Atk
Lurantis-4,Adamant,Quick Claw,Sunny Day,Solar Blade,X-Scissor,Brick Break,HP/Atk
Ribombee-4,Modest,Expert Belt,Quiver Dance,Dazzling Gleam,Bug Buzz,Energy Ball,HP/SpA
Vikavolt-4,Modest,Groundium Z,Mud Shot,Thunder,Bug Buzz,Guillotine,HP/SpA
Mudsdale-4,Brave,Yache Berry,Earthquake,Heavy Slam,Close Combat,Sandstorm,HP/Atk
Decidueye-4,Modest,Bright Powder,Nasty Plot,Shadow Ball,Grass Knot,Baton Pass,HP/SpA
Incineroar-4,Adamant,Quick Claw,Flare Blitz,Cross Chop,Crunch,U-turn,HP/Atk
Primarina-4,Modest,Waterium Z,Sparkling Aria,Dazzling Gleam,Blizzard,Aqua Jet,HP/SpA
Araquanid-4,Careful,Leftovers,Lunge,Liquidation,Poison Jab,Protect,HP/SpD
Bewear-4,Adamant,Normalium Z,Giga Impact,Hammer Arm,Payback,Earthquake,HP/Atk
Turtonator-4,Timid,Sitrus Berry,Shell Smash,Fire Blast,Dragon Pulse,Flash Cannon,Spd/SpA
Bruxish-4,Adamant,Expert Belt,Psychic Fangs,Ice Fang,Aqua Jet,Crunch,HP/Atk
Drampa-4,Timid,Dragonium Z,Draco Meteor,Focus Blast,Hurricane,Glare,Spd/SpA
Dhelmise-4,Relaxed,Leftovers,Anchor Shot,Phantom Force,Protect,Giga Drain,HP/Def
Togedemaru-4,Jolly,Electrium Z,Endeavor,Zing Zap,U-turn,Spiky Shield,Atk/Spd
Azelf-4,Timid,Expert Belt,Psychic,Fire Blast,Thunder,Shadow Ball,Spd/SpA
Kommo-o-4,Adamant,White Herb,Draco Meteor,Outrage,Sky Uppercut,Poison Jab,HP/Atk
Uxie-4,Modest,Leftovers,Yawn,Psychic,Charge Beam,Dazzling Gleam,HP/SpA
Mesprit-4,Modest,Wide Lens,Psychic,Thunder,Blizzard,Protect,HP/SpA
Heat Rotom-4,Modest,Firium Z,Overheat,Will-O-Wisp,Shadow Ball,Volt Switch,HP/SpA
Venusaur-1,Calm,Big Root,Leech Seed,Toxic,Synthesis,Ingrain,HP/SpD
Charizard-1,Careful,Salac Berry,Dragon Claw,Fire Fang,Belly Drum,Shadow Claw,HP/Spd/SpD
Blastoise-1,Quiet,Zoom Lens,Aqua Ring,Rock Slide,Aqua Tail,Iron Defense,HP/Def/SpD
Meganium-1,Gentle,Sitrus Berry,Light Screen,Aromatherapy,Swagger,Solar Beam,HP/SpD
Typhlosion-1,Rash,Passho Berry,Flame Burst,Flamethrower,Solar Beam,Sunny Day,Spd/SpA
Feraligatr-1,Careful,Lax Incense,Screech,Aqua Jet,Earthquake,Block,HP/SpD
Sceptile-1,Timid,Focus Sash,Quick Attack,Endeavor,Detect,Leaf Storm,Spd/SpA
Blaziken-1,Naughty,Salac Berry,High Jump Kick,Counter,Flamethrower,Will-O-Wisp,HP/Def/Spd
Swampert-1,Sassy,Jaboca Berry,Mirror Coat,Counter,Earthquake,Roar,Def/SpD
Torterra-1,Adamant,Binding Band,Sand Tomb,Seed Bomb,Curse,Synthesis,HP/Atk
Infernape-1,Jolly,King's Rock,Fake Out,Encore,Fling,Acrobatics,Atk/Spd
Empoleon-1,Lax,Sitrus Berry,Yawn,Swords Dance,Aqua Jet,Metal Claw,HP/Def
Serperior-1,Jolly,Lum Berry,Attract,Leaf Tornado,Dragon Tail,Gastro Acid,Def/Spd/SpD
Emboar-1,Careful,Chesto Berry,Gyro Ball,Curse,Rest,Sleep Talk,HP/SpD
Samurott-1,Mild,Normalium Z,Retaliate,Razor Shell,Assurance,Encore,HP/Atk
Alolan Dugtrio-1,Hasty,Expert Belt,Dig,Rock Slide,Iron Head,Sandstorm,Atk/Spd
Marowak-1,Sassy,Red Card,Bone Rush,Double Kick,Endeavor,Smack Down,HP/SpD
Medicham-1,Impish,Fightinium Z,Fake Out,High Jump Kick,Bulk Up,Feint,HP/Spd
Pidgeot-1,Jolly,Charti Berry,Aerial Ace,Steel Wing,Thief,Roost,Atk/Spd
Mawile-1,Adamant,Quick Claw,Crunch,Sucker Punch,Iron Head,Taunt,HP/Atk
Banette-1,Adamant,Muscle Band,Knock Off,Shadow Claw,Curse,Pursuit,HP/Atk
Sableye-1,Bold,Lax Incense,Knock Off,Shadow Ball,Confuse Ray,Recover,HP/Def
Lanturn-1,Naughty,Salac Berry,Thunder Wave,Volt Switch,Waterfall,Agility,Atk/Spd
Breloom-1,Brave,Fightinium Z,Fake Tears,Helping Hand,Mach Punch,Stun Spore,HP/Atk
Audino-1,Bold,Leftovers,Heal Pulse,Toxic,Thunder Wave,Draining Kiss,HP/Def
Skarmory-1,Naive,Lax Incense,Spikes,Stealth Rock,Sky Drop,Whirlwind,HP/Spd
Absol-1,Careful,Sitrus Berry,Payback,Mean Look,Double Team,Baton Pass,HP/Def/SpD
Sharpedo-1,Adamant,Muscle Band,Aqua Jet,Ice Fang,Crunch,Bulldoze,Atk/Spd
Hariyama-1,Brave,King's Rock,Feint,Fake Out,Smack Down,Vital Throw,Atk/Def/SpD
Vespiquen-1,Sassy,Quick Claw,Defend Order,Toxic,Protect,Heal Order,HP/Def/SpD
Alolan Raichu-1,Modest,Twisted Spoon,Volt Switch,Safeguard,Psyshock,Disarming Voice,Spd/SpA
Glalie-1,Bold,Icy Rock,Hail,Blizzard,Shadow Ball,Weather Ball,HP/Def
Manectric-1,Adamant,Life Orb,Crunch,Odor Sleuth,Quick Attack,Wild Charge,Atk/Spd
Staraptor-1,Hasty,Focus Sash,U-turn,Feather Dance,Quick Attack,Endeavor,Atk/Spd
Gastrodon-1,Gentle,Damp Rock,Rain Dance,Sludge Bomb,Muddy Water,Counter,SpA/SpD
Camerupt-1,Lonely,Passho Berry,Yawn,Flamethrower,Earthquake,Stone Edge,HP/Atk
Sawk-1,Naughty,Black Belt,Low Sweep,Quick Guard,Retaliate,Taunt,Atk/Spd
Throh-1,Impish,Payapa Berry,Protect,Toxic,Circle Throw,Wide Guard,Atk/Def
Unfezant-1,Jolly,Enigma Berry,Aerial Ace,U-turn,Razor Wind,Tailwind,HP/Atk/Def
Pelipper-1,Modest,Sea Incense,Surf,Tailwind,Blizzard,Hurricane,HP/Spd/SpA
Amoonguss-1,Calm,Petaya Berry,Energy Ball,Venoshock,Toxic,Confide,SpA/SpD
Electrode-1,Calm,Shuca Berry,Swagger,Light Screen,Charge Beam,Thunder Wave,HP/SpD
Ludicolo-1,Lax,Leftovers,Leech Seed,Toxic,Giga Drain,Rain Dance,HP/Def/SpA
Shiftry-1,Brave,Iron Ball,Fling,Razor Leaf,Brick Break,Swords Dance,HP/Atk/SpD
Exploud-1,Modest,Chople Berry,Fire Blast,Roar,Uproar,Hyper Voice,Def/SpA
Lopunny-1,Naive,Toxic Orb,Fake Out,Encore,Fling,Dizzy Punch,HP/Spd
Froslass-1,Timid,Colbur Berry,Hail,Ice Beam,Ominous Wind,Thunderbolt,Spd/SpA
Lilligant-1,Timid,Persim Berry,Charm,Sleep Powder,Petal Dance,Healing Wish,Spd/SpA
Darmanitan-1,Naive,Firium Z,Fire Punch,Psychic,Protect,Will-O-Wisp,HP/Spd
Ambipom-1,Naive,King's Rock,Fake Out,Fling,Thief,U-turn,Atk/Spd
Cofagrigus-1,Sassy,Chesto Berry,Night Shade,Will-O-Wisp,Mean Look,Rest,HP/SpD
Golurk-1,Lonely,Muscle Band,Shadow Punch,Iron Defense,Bulldoze,Heavy Slam,HP/SpD
Durant-1,Naive,Sitrus Berry,Crunch,Dig,Bug Bite,Metal Sound,HP/Atk/Spd
Alolan Golem-1,Impish,Air Balloon,Wild Charge,Double-Edge,Rock Blast,Earthquake,HP/Atk/Def
Slowbro-1,Bold,Sitrus Berry,Yawn,Psychic,Calm Mind,Water Pulse,HP/Def
Weezing-1,Impish,Payapa Berry,Pain Split,Explosion,Haze,Will-O-Wisp,HP/Def
Kangaskhan-1,Adamant,Normalium Z,Dizzy Punch,Fake Out,Chip Away,Roar,Atk/Spd
Tauros-1,Naughty,Liechi Berry,Earthquake,Rock Slide,Zen Headbutt,Substitute,Atk/Spd
Spiritomb-1,Calm,Sitrus Berry,Sucker Punch,Pain Split,Toxic,Grudge,HP/SpD
Whimsicott-1,Modest,Wise Glasses,Dazzling Gleam,Psychic,Cotton Spore,Grass Knot,HP/SpA
Druddigon-1,Impish,Roseli Berry,Crunch,Scary Face,Glare,Dragon Tail,Atk/Def
Musharna-1,Modest,Zoom Lens,Hypnosis,Dream Eater,Calm Mind,Helping Hand,Def/SpA/SpD
Scrafty-1,Naughty,Liechi Berry,Fake Out,Bulk Up,Focus Punch,Substitute,HP/Atk
Ferrothorn-1,Impish,Leftovers,Iron Head,Thunder Wave,Sandstorm,Ingrain,HP/Def
Alakazam-1,Timid,Twisted Spoon,Energy Ball,Psychic,Telekinesis,Guard Split,Spd/SpA
Slowking-1,Calm,Sitrus Berry,Psyshock,Water Pulse,Trick Room,Heal Pulse,SpA/SpD
Jellicent-1,Quiet,Damp Rock,Rain Dance,Hydro Pump,Ice Beam,Confuse Ray,Def/SpA
Altaria-1,Calm,Sitrus Berry,Flamethrower,Cotton Guard,Dragon Pulse,Roost,HP/SpD
Toxicroak-1,Lonely,Payapa Berry,Fake Out,Brick Break,Sucker Punch,Taunt,Atk/Spd
Gothitelle-1,Calm,Chesto Berry,Fake Tears,Psychic,Rest,Calm Mind,HP/Def/Spd
Reuniclus-1,Bold,Kee Berry,Psychic,Energy Ball,Recover,Wonder Room,HP/Def/SpA
Bisharp-1,Lax,Sitrus Berry,Night Slash,Metal Claw,Taunt,Metal Burst,HP/Def
Abomasnow-1,Impish,Leftovers,Frost Breath,Icy Wind,Leech Seed,Ingrain,HP/Def/SpD
Nidoqueen-1,Relaxed,Payapa Berry,Chip Away,Swagger,Helping Hand,Flatter,HP/Def/SpD
Nidoking-1,Naughty,King's Rock,Bulldoze,Megahorn,Rock Slide,Sucker Punch,HP/Atk
Cradily-1,Bold,Tanga Berry,Round,Gastro Acid,Stockpile,Swallow,Def/SpD
Armaldo-1,Brave,Chesto Berry,X-Scissor,Rock Blast,Rest,Curse,HP/SpD
Rampardos-1,Brave,Passho Berry,Rock Slide,Crunch,Curse,Protect,Atk/Def/SpD
Bastiodon-1,Careful,Enigma Berry,Iron Head,Taunt,Wide Guard,Metal Burst,HP/Atk
Shiinotic-1,Sassy,Assault Vest,Moonblast,Giga Drain,Sludge Bomb,Charge Beam,HP/SpD
Mismagius-1,Naive,Colbur Berry,Taunt,Protect,Imprison,Shadow Ball,HP/Spd
Carracosta-1,Naughty,Sitrus Berry,Aqua Tail,Rock Slide,Shell Smash,Iron Defense,HP/Atk
Escavalier-1,Brave,Liechi Berry,Megahorn,Quick Guard,Swords Dance,Reversal,HP/Atk
Accelgor-1,Hasty,Focus Sash,Encore,Bug Buzz,Giga Drain,Me First,Spd/SpA
Salazzle-1,Timid,Poisonium Z,Venoshock,Flamethrower,Nasty Plot,Toxic,Spd/SpA
Drifblim-1,Bold,Salac Berry,Calm Mind,Stockpile,Ominous Wind,Baton Pass,Def/SpD
Toucannon-1,Adamant,Steelium Z,Swords Dance,Drill Peck,Steel Wing,Smack Down,HP/Atk/Def
Oranguru-1,Modest,Psychium Z,Psychic,Energy Ball,Shadow Ball,Nasty Plot,HP/SpA
Komala-1,Adamant,Chople Berry,Flail,Payback,Low Sweep,Play Rough,Atk/Spd
Muk-1,Relaxed,Black Sludge,Poison Jab,Stockpile,Swallow,Mud-Slap,HP/Atk
Gengar-1,Timid,Focus Sash,Shadow Ball,Dream Eater,Nightmare,Hypnosis,Spd/SpA
Ampharos-1,Mild,Shuca Berry,Power Gem,Thunder Wave,Discharge,Charge Beam,HP/SpA/SpD
Politoed-1,Modest,Cell Battery,Waterfall,Encore,Swagger,Bounce,Spd/SpA
Pinsir-1,Naughty,Persim Berry,Bug Bite,Brick Break,Thrash,Swords Dance,Atk/Spd
Scizor-1,Brave,Occa Berry,Metal Claw,Night Slash,Aerial Ace,Swords Dance,HP/Def
Heracross-1,Brave,Black Belt,Aerial Ace,Pursuit,Swords Dance,Brick Break,HP/Atk/Def
Ursaring-1,Adamant,Chesto Berry,Thrash,Crunch,Rest,Counter,Atk/Def/SpD
Houndoom-1,Adamant,Charcoal,Fire Fang,Flame Charge,Will-O-Wisp,Sucker Punch,Atk/Spd
Tsareena-1,Adamant,Occa Berry,Trop Kick,Play Rough,Low Sweep,Feint,Atk/Spd
Wailord-1,Brave,Chesto Berry,Waterfall,Heavy Slam,Curse,Rest,Atk/Def/SpD
Passimian-1,Adamant,Coba Berry,Close Combat,Rock Slide,Iron Head,Feint,Atk/Spd
Bronzong-1,Impish,Sitrus Berry,Hypnosis,Rain Dance,Gyro Ball,Trick Room,HP/Def/SpD
Drapion-1,Bold,Scope Lens,Night Slash,Taunt,Toxic Spikes,X-Scissor,HP/Def
Crabominable-1,Adamant,Expert Belt,Superpower,Ice Punch,Payback,Rock Slide,Atk/SpD
Ninetales-1,Modest,Passho Berry,Will-O-Wisp,Hex,Confuse Ray,Flame Burst,Spd/SpA
Machamp-1,Brave,Rawst Berry,Dynamic Punch,Payback,Foresight,Wide Guard,HP/Atk
Shuckle-1,Careful,Binding Band,Power Split,Encore,Gastro Acid,Sand Tomb,HP/SpD
Mimikyu-1,Jolly,Bright Powder,Shadow Claw,Slash,Double Team,Thunder Wave,Atk/Spd
Honchkrow-1,Quiet,Kee Berry,Psychic,Dark Pulse,Protect,Nasty Plot,Def/SpA/SpD
Gigalith-1,Naughty,Rawst Berry,Bulldoze,Rock Blast,Gravity,Curse,HP/Atk/Def
Conkeldurr-1,Bold,Black Belt,Rock Slide,Force Palm,Smelling Salts,Bulk Up,HP/Def/SpD
Excadrill-1,Naughty,Soft Sand,Hone Claws,Rock Slide,Drill Run,Iron Defense,Atk/Def
Wishiwashi-1,Brave,Sitrus Berry,Waterfall,Ice Beam,Double-Edge,Rain Dance,HP/Atk
Steelix-1,Impish,Chesto Berry,Earthquake,Rest,Curse,Stealth Rock,HP/SpD
Weavile-1,Hasty,Razor Fang,Fake Out,Taunt,Night Slash,Fling,Atk/Spd
Gliscor-1,Naughty,Razor Fang,Acrobatics,Fling,U-turn,Swords Dance,Atk/Spd
Zoroark-1,Naive,Focus Sash,Night Slash,Shadow Claw,Taunt,Counter,Atk/Spd
Mandibuzz-1,Calm,Wacan Berry,Taunt,Flatter,Roost,Toxic,Spd/SpD
Braviary-1,Adamant,King's Rock,Rock Slide,Air Slash,Tailwind,Sky Drop,Atk/Def/SpD
Tentacruel-1,Hasty,Black Sludge,Ice Beam,Sludge Wave,Hex,Toxic Spikes,Spd/SpA
Aerodactyl-1,Jolly,Choice Scarf,Rock Slide,Iron Head,Earthquake,Ice Fang,Atk/Spd
Porygon2-1,Modest,Sitrus Berry,Blizzard,Magic Coat,Lock-On,Zap Cannon,HP/SpA
Palossand-1,Bold,Smooth Rock,Shore Up,Sandstorm,Shadow Ball,Earth Power,HP/Def
Yanmega-1,Modest,Cheri Berry,Air Slash,Bug Buzz,Detect,U-turn,SpA/SpD
Gardevoir-1,Timid,Psychium Z,Hypnosis,Dream Eater,Imprison,Dazzling Gleam,HP/Spd
Gallade-1,Hasty,Expert Belt,Shadow Sneak,Brick Break,Psycho Cut,Swords Dance,Atk/Spd
Exeggutor-1,Mild,Petaya Berry,Psyshock,Grass Knot,Light Screen,Synthesis,Spd/SpA/SpD
Starmie-1,Timid,Sitrus Berry,Psychic,Cosmic Power,Recover,Reflect Type,HP/Spd
Flygon-1,Naive,Weakness Policy,Earthquake,Dragon Claw,Endure,Fire Blast,Atk/Spd
Klinklang-1,Impish,Shuca Berry,Gear Grind,Thunder Wave,Screech,Volt Switch,HP/Spd
Chandelure-1,Modest,Spell Tag,Flamethrower,Confuse Ray,Will-O-Wisp,Hex,HP/Spd/SpA
Vaporeon-1,Quiet,Quick Claw,Wish,Surf,Helping Hand,Shadow Ball,Def/SpA
Jolteon-1,Hasty,Magnet,Quick Attack,Thunderbolt,Thunder Wave,Swagger,Spd/SpA
Flareon-1,Naughty,Focus Sash,Quick Attack,Flail,Work Up,Fire Blast,Atk/SpA
Espeon-1,Naive,Focus Sash,Yawn,Dream Eater,Calm Mind,Protect,Spd/SpA
Umbreon-1,Impish,Leftovers,Confuse Ray,Payback,Curse,Moonlight,HP/Def
Leafeon-1,Impish,Scope Lens,X-Scissor,Leaf Blade,Swords Dance,Grass Whistle,HP/Spd
Glaceon-1,Rash,Quick Claw,Ice Shard,Blizzard,Mirror Coat,Helping Hand,HP/SpA
Lucario-1,Modest,Fightinium Z,Metal Sound,Dark Pulse,Aura Sphere,Heal Pulse,Spd/SpA
Hippowdon-1,Impish,Soft Sand,Earthquake,Crunch,Yawn,Whirlwind,Atk/Def
Liepard-1,Timid,Roseli Berry,Snarl,Shadow Ball,Snatch,Fake Out,Spd/SpA
Dusknoir-1,Bold,Leftovers,Disable,Will-O-Wisp,Pain Split,Mean Look,HP/Def
Mienshao-1,Naive,Salac Berry,U-turn,Endure,Calm Mind,Baton Pass,HP/Spd
Beartic-1,Brave,Sitrus Berry,Shadow Claw,Stone Edge,Avalanche,Bulk Up,Atk/SpD
Bouffalant-1,Adamant,Silk Scarf,Head Charge,Pursuit,Scary Face,Aerial Ace,HP/Atk
Aggron-1,Impish,Focus Sash,Protect,Roar,Stealth Rock,Metal Burst,HP/SpD
Walrein-1,Calm,Chesto Berry,Frost Breath,Snore,Stockpile,Rest,Def/SpD
Mamoswine-1,Adamant,Passho Berry,Double Hit,Earthquake,Icicle Crash,Stealth Rock,Atk/Spd/SpD
Lapras-1,Quiet,Damp Rock,Rain Dance,Thunder,Ice Shard,Confuse Ray,Def/SpA
Crobat-1,Jolly,Charti Berry,Cross Poison,X-Scissor,Hypnosis,U-turn,Atk/Spd
Magnezone-1,Rash,Steelium Z,Metal Sound,Flash Cannon,Thunderbolt,Magnet Rise,HP/SpA
Rhyperior-1,Brave,Zoom Lens,Payback,Rock Blast,Stone Edge,Protect,HP/Atk/SpD
Tangrowth-1,Bold,Big Root,Leech Seed,Ingrain,Giga Drain,Toxic,HP/Def/SpD
Porygon-Z-1,Modest,Wise Glasses,Psychic,Shadow Ball,Thunderbolt,Thunder Wave,Spd/SpA
Vanilluxe-1,Calm,Never-Melt Ice,Ice Beam,Frost Breath,Mirror Coat,Icy Wind,HP/SpA/SpD
Eelektross-1,Quiet,Magnet,Discharge,Gastro Acid,Thunderbolt,Thunder Wave,HP/SpA
Gyarados-1,Lonely,Muscle Band,Ice Fang,Aqua Tail,Thunder Wave,Dragon Dance,HP/Atk/Spd
Snorlax-1,Adamant,Sitrus Berry,Return,Wild Charge,Counter,Recycle,Atk/Def
Kingdra-1,Adamant,Persim Berry,Waterfall,Quash,Protect,Outrage,HP/Atk/Spd
Blissey-1,Calm,Leftovers,Attract,Round,Heal Pulse,Aromatherapy,Def/SpD
Milotic-1,Bold,Enigma Berry,Surf,Recover,Mirror Coat,Confuse Ray,HP/Def
Malamar-1,Adamant,Tanga Berry,Payback,Psycho Cut,Reflect,Flatter,Atk/Def
Sandslash-1,Impish,Quick Claw,Dig,Poison Jab,Swagger,Sand Attack,HP/Def
Haxorus-1,Hasty,Haban Berry,Dual Chop,Earthquake,Roar,Taunt,Atk/Spd
Togekiss-1,Calm,Sitrus Berry,Encore,Follow Me,Reflect,Dazzling Gleam,HP/SpD
Volcarona-1,Modest,Power Herb,Fire Spin,Heat Wave,Solar Beam,Whirlwind,HP/Spd
Arcanine-1,Modest,Firium Z,Flamethrower,Solar Beam,Burn Up,Sunny Day,Spd/SpA
Archeops-1,Jolly,Sitrus Berry,Quick Attack,Acrobatics,Crunch,U-turn,Atk/Spd
Dragonite-1,Impish,Custap Berry,Toxic,Thunder Wave,Roost,Rock Slide,HP/Def/SpD
Tyranitar-1,Impish,Iron Ball,Rock Slide,Stealth Rock,Thunder Wave,Fling,HP/SpD
Salamence-1,Adamant,Yache Berry,Roost,Scary Face,Dragon Tail,Earthquake,Atk/Def/SpD
Metagross-1,Naive,Occa Berry,Meteor Mash,Magnet Rise,Zen Headbutt,Agility,Atk/Spd
Garchomp-1,Jolly,Lax Incense,Earthquake,Protect,Sandstorm,Sand Tomb,HP/Spd
Hydreigon-1,Rash,Dragon Fang,Dragon Pulse,Earth Power,Surf,Dragon Tail,Atk/Spd
Slaking-1,Naive,Chople Berry,Earthquake,Brick Break,Rock Slide,Encore,Atk/Spd
Venusaur-2,Brave,Grassium Z,Roar,Venoshock,Power Whip,Earthquake,HP/Atk/Def
Charizard-2,Adamant,Charti Berry,Dragon Claw,Shadow Claw,Rock Slide,Dragon Dance,Atk/Spd
Blastoise-2,Quiet,Blastoisinite,Water Pulse,Aura Sphere,Dark Pulse,Dragon Pulse,HP/SpA
Meganium-2,Bold,Chesto Berry,Double Team,Petal Blizzard,Substitute,Rest,HP/Def
Typhlosion-2,Naive,Wide Lens,Inferno,Focus Blast,Extrasensory,Will-O-Wisp,Spd/SpA
Feraligatr-2,Adamant,Liechi Berry,Superpower,Aqua Tail,Ice Fang,Dragon Dance,HP/Atk/Spd
Sceptile-2,Hasty,Scope Lens,Leaf Blade,Night Slash,Earthquake,Swords Dance,Atk/Spd
Blaziken-2,Adamant,Salac Berry,Blaze Kick,Flame Charge,Endure,Reversal,HP/Atk/Spd
Swampert-2,Careful,Chesto Berry,Waterfall,Hammer Arm,Rest,Curse,HP/SpD
Torterra-2,Jolly,Choice Scarf,Rock Slide,Earthquake,Wood Hammer,Tickle,Atk/Spd
Infernape-2,Mild,Charcoal,Heat Wave,Will-O-Wisp,Grass Knot,Calm Mind,HP/Spd/SpA
Empoleon-2,Lonely,Muscle Band,Drill Peck,Aqua Jet,Metal Claw,Feather Dance,HP/Atk/SpD
Serperior-2,Sassy,Sitrus Berry,Leaf Tornado,Hidden Power,Mirror Coat,Captivate,HP/SpA/SpD
Emboar-2,Brave,Quick Claw,Yawn,Wild Charge,Bulldoze,Heat Crash,Atk/Def/SpD
Samurott-2,Quiet,Zoom Lens,Blizzard,Giga Impact,Detect,Hydro Pump,Atk/SpA
Dugtrio-1,Naive,Passho Berry,Sand Attack,Pursuit,Tri Attack,Dig,HP/Spd
Alolan Marowak-1,Quiet,Air Balloon,Will-O-Wisp,Hex,Thunder,Rain Dance,HP/SpA
Medicham-2,Timid,Psychium Z,Psychic,Shadow Ball,Energy Ball,Calm Mind,Spd/SpA
Pidgeot-2,Quiet,Flyinium Z,Mirror Move,Twister,Sand Attack,Double Team,HP/SpA
Mawile-2,Modest,Fairium Z,Flash Cannon,Fairy Wind,Metal Burst,Shadow Ball,HP/SpA
Banette-2,Modest,Fairium Z,Dazzling Gleam,Snatch,Dark Pulse,Ominous Wind,HP/SpA
Sableye-2,Careful,Normalium Z,Captivate,Foul Play,Mean Look,Moonlight,HP/SpD
Lanturn-2,Calm,Sitrus Berry,Thunder Wave,Charge Beam,Stockpile,Swallow,Def/SpA
Breloom-2,Jolly,Toxic Orb,Substitute,Seed Bomb,Wake-Up Slap,Spore,Atk/Spd
Audino-2,Modest,Choice Specs,Hyper Voice,Thunder,Blizzard,Fire Blast,Def/SpA
Skarmory-2,Naughty,Cell Battery,Brave Bird,Steel Wing,Swords Dance,Roar,HP/Spd
Absol-2,Adamant,Chople Berry,Sucker Punch,Magic Coat,Psycho Cut,Taunt,HP/Atk
Sharpedo-2,Mild,Poisonium Z,Poison Jab,Surf,Dark Pulse,Taunt,Spd/SpA
Hariyama-2,Careful,Custap Berry,Reversal,Bullet Punch,Protect,Belly Drum,Def/SpD
Vespiquen-2,Quiet,Normalium Z,Attack Order,Power Gem,Captivate,Confuse Ray,HP/SpA
Raichu-1,Bold,Shuca Berry,Nuzzle,Focus Blast,Sweet Kiss,Charge Beam,HP/Def
Glalie-2,Modest,Normalium Z,Weather Ball,Rain Dance,Shadow Ball,Dark Pulse,Spd/SpA
Manectric-2,Modest,Air Balloon,Flamethrower,Overheat,Discharge,Charge,Spd/SpA
Staraptor-2,Adamant,Choice Scarf,Pursuit,Close Combat,Brave Bird,Final Gambit,HP/Spd
Gastrodon-2,Careful,Rindo Berry,Waterfall,Amnesia,Curse,Yawn,Atk/Def/SpD
Camerupt-2,Timid,Firium Z,Sunny Day,Solar Beam,Eruption,Flash Cannon,HP/Spd
Sawk-2,Naughty,Focus Sash,Earthquake,Payback,Endure,Reversal,Atk/Spd
Throh-2,Brave,Expert Belt,Revenge,Storm Throw,Protect,Seismic Toss,Atk/Def
Unfezant-2,Jolly,Power Herb,Giga Impact,Quick Attack,Hypnosis,Sky Attack,Atk/Spd
Pelipper-2,Bold,Rocky Helmet,Stockpile,Roost,Toxic,Surf,HP/Def
Amoonguss-2,Bold,Bright Powder,Double Team,Giga Drain,Toxic,Swagger,Def/SpD
Electrode-2,Hasty,Focus Sash,Electro Ball,Taunt,Protect,Explosion,Atk/Spd
Ludicolo-2,Naughty,Tanga Berry,Fake Out,Grass Knot,Surf,Tickle,HP/Atk/SpA
Shiftry-2,Rash,Miracle Seed,Fake Out,Extrasensory,Solar Beam,Swagger,Spd/SpA
Exploud-2,Lonely,Darkinium Z,Crunch,Fake Tears,Ice Beam,Giga Impact,Atk/SpA
Lopunny-2,Jolly,Liechi Berry,Charm,Focus Punch,Substitute,Thunder Punch,Atk/Spd
Froslass-2,Lonely,Kasib Berry,Ice Shard,Thunder Wave,Hex,Taunt,Atk/Spd
Lilligant-2,Bold,Big Root,Ingrain,Leech Seed,Toxic,Protect,HP/Def/SpD
Darmanitan-2,Calm,Luminous Moss,Psychic,Flamethrower,Round,Confide,HP/SpD
Ambipom-2,Timid,Focus Sash,Grass Knot,Thunderbolt,Nasty Plot,Counter,Spd/SpA
Cofagrigus-2,Quiet,Spell Tag,Shadow Ball,Energy Ball,Will-O-Wisp,Nasty Plot,HP/SpA
Golurk-2,Brave,Wide Lens,Hammer Arm,Rock Slide,Curse,Gyro Ball,Atk/SpD
Durant-2,Impish,Power Herb,Dig,Iron Defense,Agility,Baton Pass,Def/Spd
Golem-1,Naughty,Absorb Bulb,Stone Edge,Earthquake,Sandstorm,Autotomize,HP/Atk
Slowbro-2,Modest,Quick Claw,Flamethrower,Ice Beam,Slack Off,Water Pulse,Def/SpA
Weezing-2,Rash,Safety Goggles,Sludge Bomb,Fire Blast,Stockpile,Swallow,HP/SpA
Kangaskhan-2,Jolly,Salac Berry,Rock Slide,Sucker Punch,Endure,Reversal,Atk/Spd
Tauros-2,Jolly,Expert Belt,Zen Headbutt,Wild Charge,Swagger,Giga Impact,Atk/Spd
Spiritomb-2,Brave,Quick Claw,Shadow Sneak,Sucker Punch,Will-O-Wisp,Taunt,HP/Atk
Whimsicott-2,Modest,Choice Specs,Switcheroo,Hurricane,Moonblast,Energy Ball,Spd/SpA
Druddigon-2,Adamant,Scope Lens,Dragon Claw,Night Slash,Slash,Hone Claws,HP/Def/SpD
Musharna-2,Bold,Lum Berry,Shadow Ball,Energy Ball,Psychic,Trick Room,Def/SpA
Scrafty-2,Jolly,Coba Berry,High Jump Kick,Rock Slide,Taunt,Dragon Dance,HP/Spd
Ferrothorn-2,Careful,Chesto Berry,Rest,Payback,Gyro Ball,Curse,HP/SpD
Alakazam-2,Timid,Focus Sash,Psych Up,Encore,Protect,Psychic,Spd/SpA
Slowking-2,Gentle,King's Rock,Zen Headbutt,Earthquake,Swagger,Psych Up,Atk/SpD
Jellicent-2,Bold,Bright Powder,Acid Armor,Recover,Ominous Wind,Scald,HP/Def
Altaria-2,Lonely,Snowball,Dragon Claw,Pluck,Steel Wing,Dragon Dance,Atk/Spd
Toxicroak-2,Modest,Petaya Berry,Focus Blast,Sludge Bomb,Substitute,Protect,Spd/SpA
Gothitelle-2,Modest,Twisted Spoon,Psyshock,Miracle Eye,Mirror Coat,Tickle,HP/Def/SpA
Reuniclus-2,Brave,King's Rock,Rock Slide,Explosion,Gyro Ball,Trick Room,Atk/Def/SpD
Bisharp-2,Adamant,Chople Berry,Aerial Ace,Low Sweep,Iron Head,Scary Face,HP/Atk
Abomasnow-2,Lonely,Miracle Seed,Wood Hammer,Brick Break,Double Team,Blizzard,HP/Atk/SpA
Nidoqueen-2,Mild,Absorb Bulb,Thunderbolt,Hyper Beam,Earth Power,Counter,HP/SpA
Nidoking-2,Quiet,Black Sludge,Amnesia,Sludge Bomb,Flamethrower,Protect,HP/SpA
Cradily-2,Brave,Quick Claw,Confuse Ray,Energy Ball,Stone Edge,Earthquake,HP/Atk/SpA
Armaldo-2,Hasty,Razor Fang,Rock Slide,Earthquake,X-Scissor,Rock Polish,HP/Spd
Rampardos-2,Naughty,Sitrus Berry,Head Smash,Stone Edge,Hammer Arm,Scary Face,Atk/Spd
Bastiodon-2,Bold,Chesto Berry,Round,Rest,Ancient Power,Iron Defense,Def/SpA
Shiinotic-2,Modest,Normalium Z,Flash,Light Screen,Confuse Ray,Dazzling Gleam,HP/SpA
Mismagius-2,Timid,Kasib Berry,Shadow Ball,Wonder Room,Grudge,Pain Split,HP/SpD
Carracosta-2,Rash,Wide Lens,Rock Slide,Swagger,Blizzard,Hydro Pump,HP/SpA
Escavalier-2,Naughty,Quick Claw,Pursuit,Counter,X-Scissor,Swords Dance,HP/Atk
Accelgor-2,Modest,Weakness Policy,Energy Ball,Sludge Bomb,Bug Buzz,Endure,Spd/SpA
Salazzle-2,Timid,Bright Powder,Disable,Protect,Encore,Sludge Bomb,Spd/SpA
Drifblim-2,Mild,Wide Lens,Hex,Thunderbolt,Dream Eater,Hypnosis,Spd/SpA
Toucannon-2,Adamant,King's Rock,Tailwind,Rock Blast,Bullet Seed,Brave Bird,Atk/Spd
Oranguru-2,Calm,Psychic Seed,Psychic Terrain,Psyshock,Future Sight,Instruct,SpA/SpD
Komala-2,Impish,Quick Claw,Defense Curl,Rollout,Yawn,Thrash,HP/Def
Alolan Muk-1,Relaxed,Air Balloon,Minimize,Acid Spray,Rest,Snarl,HP/Def
Gengar-2,Jolly,Expert Belt,Sucker Punch,Fire Punch,Ice Punch,Will-O-Wisp,Atk/Spd
Ampharos-2,Brave,Lum Berry,Brick Break,Thunder Punch,Screech,Odor Sleuth,HP/Atk/Def
Politoed-2,Quiet,Damp Rock,Rain Dance,Round,Body Slam,Hydro Pump,SpA/SpD
Pinsir-2,Lonely,Rockium Z,Feint,X-Scissor,Stone Edge,Bug Bite,Atk/Spd
Scizor-2,Naughty,Psychium Z,Bullet Punch,X-Scissor,Feint,Agility,HP/Atk
Heracross-2,Naughty,Salac Berry,Megahorn,Flail,Endure,Reversal,HP/Spd
Ursaring-2,Jolly,Toxic Orb,Facade,Hammer Arm,Scary Face,Yawn,Atk/Spd
Houndoom-2,Hasty,Focus Sash,Counter,Flame Charge,Roar,Protect,Atk/Spd
Tsareena-2,Impish,Rocky Helmet,Trop Kick,Synthesis,Play Rough,Captivate,HP/Def
Wailord-2,Timid,Quick Claw,Water Spout,Rest,Sleep Talk,Ice Beam,Spd/SpA
Passimian-2,Brave,Iron Ball,Seismic Toss,Vital Throw,Fling,Gyro Ball,Atk/Def
Bronzong-2,Quiet,Damp Rock,Rain Dance,Light Screen,Charge Beam,Grass Knot,HP/SpA
Drapion-2,Naive,Shuca Berry,Cross Poison,Crunch,Scary Face,Screech,Atk/Spd
Crabominable-2,Relaxed,Chesto Berry,Rest,Iron Defense,Ice Hammer,Dynamic Punch,HP/Def
Alolan Ninetales-1,Timid,Icium Z,Aurora Veil,Hypnosis,Dream Eater,Blizzard,HP/Def
Machamp-2,Brave,Expert Belt,Ice Punch,Cross Chop,Fire Punch,Focus Energy,HP/Atk
Shuckle-2,Bold,Quick Claw,Power Trick,Encore,Rock Slide,Bug Bite,HP/Def
Mimikyu-2,Impish,Leftovers,Curse,Protect,Astonish,Baby-Doll Eyes,HP/Def
Honchkrow-2,Brave,Black Glasses,Sucker Punch,Taunt,Pursuit,Protect,Atk/SpD
Gigalith-2,Naughty,Hard Stone,Iron Defense,Sandstorm,Lock-On,Rock Blast,HP/Def
Conkeldurr-2,Brave,Iron Ball,Mach Punch,Hammer Arm,Bulk Up,Fling,Atk/SpD
Excadrill-2,Adamant,Steelium Z,Dig,Metal Sound,Metal Claw,Swords Dance,Atk/Def
Wishiwashi-2,Adamant,Leftovers,Dive,Aqua Ring,Protect,Earthquake,HP/Atk
Steelix-2,Impish,Enigma Berry,Crunch,Curse,Gyro Ball,Screech,HP/Atk
Weavile-2,Jolly,Never-Melt Ice,Ice Shard,Ice Punch,Torment,Protect,Atk/Spd
Gliscor-2,Impish,Liechi Berry,Agility,Acrobatics,Swords Dance,Baton Pass,HP/Def
Zoroark-2,Timid,Expert Belt,Grass Knot,Shadow Ball,Flamethrower,Nasty Plot,Spd/SpA
Mandibuzz-2,Mild,Roseli Berry,Dark Pulse,Air Slash,Shadow Ball,Nasty Plot,Spd/SpA
Braviary-2,Naughty,Persim Berry,Thrash,Bulk Up,Superpower,U-turn,Atk/Spd
Tentacruel-2,Hasty,Poisonium Z,Rapid Spin,Poison Jab,Waterfall,Swords Dance,Atk/Spd
Aerodactyl-2,Naive,Passho Berry,Crunch,Rock Slide,Roost,Sky Drop,Atk/Spd
Porygon2-2,Calm,Eviolite,Tri Attack,Psychic,Double Team,Recover,HP/Def/SpD
Palossand-2,Timid,Ghostium Z,Rock Polish,Shadow Ball,Earth Power,Sludge Bomb,Spd/SpA
Yanmega-2,Modest,Sitrus Berry,Psychic,Bug Buzz,Swagger,Substitute,HP/SpA
Gardevoir-2,Timid,Bright Powder,Stored Power,Thunderbolt,Calm Mind,Double Team,Spd/SpA
Gallade-2,Jolly,Scope Lens,Psycho Cut,Leaf Blade,Slash,Protect,Atk/Spd
Alolan Exeggutor-1,Calm,Sitrus Berry,Dragon Tail,Flamethrower,Hypnosis,Giga Drain,HP/SpD
Starmie-2,Modest,Waterium Z,Protect,Psychic,Hydro Pump,Rapid Spin,Spd/SpA
Flygon-2,Naive,Haban Berry,Swagger,Quick Attack,Rock Slide,U-turn,Atk/Spd
Klinklang-2,Mild,Steelium Z,Charge Beam,Metal Sound,Flash Cannon,Autotomize,Spd/SpA
Chandelure-2,Timid,Chesto Berry,Energy Ball,Rest,Heat Wave,Will-O-Wisp,HP/Spd
Vaporeon-2,Modest,Waterium Z,Ice Beam,Hydro Pump,Acid Armor,Aqua Ring,Def/SpA
Jolteon-2,Timid,Damp Rock,Thunder,Protect,Charm,Rain Dance,Spd/SpA
Flareon-2,Impish,Charcoal,Will-O-Wisp,Charm,Flame Charge,Protect,HP/Def
Espeon-2,Timid,Kasib Berry,Psyshock,Grass Knot,Dazzling Gleam,Charm,HP/Spd
Umbreon-2,Careful,Normalium Z,Payback,Moonlight,Stored Power,Work Up,HP/Atk
Leafeon-2,Naive,Liechi Berry,Leaf Blade,Giga Impact,Substitute,Yawn,Atk/Spd
Glaceon-2,Bold,Chesto Berry,Frost Breath,Shadow Ball,Rest,Barrier,HP/Def
Lucario-2,Jolly,Liechi Berry,Close Combat,Bulk Up,Endure,Reversal,Atk/Spd
Hippowdon-2,Lonely,Sitrus Berry,Crunch,Rock Slide,Protect,Curse,HP/Atk
Liepard-2,Careful,Groundium Z,Sand Attack,Foul Play,Swagger,Play Rough,HP/SpD
Dusknoir-2,Brave,Iron Ball,Shadow Sneak,Fire Punch,Fling,Trick Room,HP/Atk
Mienshao-2,Jolly,King's Rock,Fake Out,Fling,Acrobatics,High Jump Kick,Atk/Spd
Beartic-2,Rash,Lax Incense,Hail,Icy Wind,Grass Knot,Blizzard,HP/SpA
Bouffalant-2,Brave,Chople Berry,Pursuit,Revenge,Head Charge,Swagger,HP/Atk
Aggron-2,Quiet,King's Rock,Surf,Flash Cannon,Focus Blast,Round,Def/SpA
Walrein-2,Careful,Metronome,Ice Ball,Earthquake,Encore,Curse,Atk/SpD
Mamoswine-2,Brave,Zoom Lens,Stone Edge,Bulldoze,Blizzard,Ice Fang,Atk/Def/SpD
Lapras-2,Modest,Normalium Z,Surf,Ice Beam,Rest,Sleep Talk,Def/SpA/SpD
Crobat-2,Timid,Sharp Beak,Air Slash,Shadow Ball,Confuse Ray,Nasty Plot,Spd/SpA
Magnezone-2,Quiet,Shuca Berry,Charge Beam,Thunder Wave,Flash Cannon,Mirror Coat,HP/SpA
Rhyperior-2,Lonely,Hard Stone,Rock Wrecker,Rock Polish,Earthquake,Ice Punch,Atk/Spd
Tangrowth-2,Naughty,Yache Berry,Wring Out,Tickle,Power Whip,Bulldoze,Atk/Spd
Porygon-Z-2,Modest,Choice Specs,Hyper Beam,Ice Beam,Thunderbolt,Shadow Ball,Spd/SpA
Vanilluxe-2,Lonely,Occa Berry,Avalanche,Ice Shard,Natural Gift,Giga Impact,HP/Atk
Eelektross-2,Naughty,Expert Belt,Crunch,Wild Charge,Brick Break,Coil,HP/Atk
Gyarados-2,Naughty,Normalium Z,Waterfall,Rest,Bulldoze,Giga Impact,Atk/Spd
Snorlax-2,Brave,Sitrus Berry,Return,Protect,Crunch,Belly Drum,Atk/Def
Kingdra-2,Mild,Haban Berry,Dragon Pulse,Waterfall,Ice Beam,Dragon Dance,HP/Atk/SpA
Blissey-2,Modest,Custap Berry,Charge Beam,Shadow Ball,Grass Knot,Thunder Wave,Def/SpA
Milotic-2,Quiet,Leftovers,Hydro Pump,Toxic,Attract,Aqua Ring,HP/Def
Malamar-2,Modest,Choice Specs,Thunderbolt,Flamethrower,Psychic,Dark Pulse,Spd/SpA
Alolan Sandslash-1,Brave,Focus Sash,Counter,Defense Curl,Ice Ball,Gyro Ball,HP/Atk
Haxorus-2,Naughty,Persim Berry,Outrage,Rock Slide,Counter,Dragon Dance,HP/Def/Spd
Togekiss-2,Brave,Liechi Berry,Extreme Speed,Aerial Ace,Steel Wing,Brick Break,HP/Atk
Volcarona-2,Timid,Lum Berry,Bug Buzz,Flamethrower,Protect,Calm Mind,Spd/SpA
Arcanine-2,Naughty,Weakness Policy,Extreme Speed,Crunch,Overheat,Roar,Atk/Spd
Archeops-2,Mild,Enigma Berry,Earthquake,Earth Power,Endeavor,Ancient Power,Spd/SpA
Dragonite-2,Mild,Salac Berry,Dragon Pulse,Ice Beam,Thunderbolt,Safeguard,Spd/SpA
Tyranitar-2,Hasty,King's Rock,Rock Slide,Crunch,Ice Beam,Dragon Dance,Atk/Spd
Salamence-2,Lonely,Expert Belt,Dragon Claw,Zen Headbutt,Rock Slide,Dragon Dance,Atk/Spd/SpD
Metagross-2,Quiet,Occa Berry,Psychic,Shadow Ball,Meteor Mash,Magnet Rise,HP/Atk/SpA
Garchomp-2,Hasty,Focus Sash,Fire Blast,Dragon Breath,Surf,Sandstorm,Spd/SpA
Hydreigon-2,Mild,Wide Lens,Focus Blast,Fire Blast,Dragon Rush,Work Up,Atk/Spd/SpA
Slaking-2,Jolly,Kee Berry,Crush Claw,Night Slash,Slack Off,Amnesia,Atk/Spd
Venusaur-3,Timid,Salac Berry,Energy Ball,Sludge Bomb,Grass Knot,Protect,Spd/SpA
Charizard-3,Timid,Charizardite Y,Heat Wave,Solar Beam,Air Slash,Focus Blast,Spd/SpA
Blastoise-3,Adamant,Leftovers,Fake Out,Earthquake,Aqua Tail,Rock Slide,HP/Atk
Meganium-3,Adamant,Light Clay,Petal Blizzard,Earthquake,Reflect,Light Screen,HP/Atk
Typhlosion-3,Modest,Choice Scarf,Eruption,Focus Blast,Flamethrower,Extrasensory,Spd/SpA
Feraligatr-3,Adamant,Lum Berry,Aqua Jet,Waterfall,Earthquake,Ice Punch,HP/Atk
Sceptile-3,Timid,White Herb,Leaf Storm,Focus Blast,Energy Ball,Detect,Spd/SpA
Blaziken-3,Jolly,Choice Band,Flare Blitz,Shadow Claw,High Jump Kick,Earthquake,Atk/Spd
Swampert-3,Adamant,Swampertite,Earthquake,Rock Slide,Waterfall,Rain Dance,HP/Atk
Torterra-3,Adamant,Custap Berry,Earthquake,Crunch,Seed Bomb,Rock Slide,Atk/SpD
Infernape-3,Hasty,Life Orb,Fake Out,Close Combat,Overheat,Stone Edge,Atk/Spd
Empoleon-3,Quiet,Icium Z,Surf,Ice Beam,Mist,Icy Wind,HP/SpA
Serperior-3,Calm,Bright Powder,Leaf Storm,Substitute,Hyper Beam,Toxic,HP/Def/SpD
Emboar-3,Adamant,Quick Claw,Flare Blitz,Brick Break,Flame Charge,Earthquake,Atk/Def/SpD
Samurott-3,Adamant,Custap Berry,Aerial Ace,Waterfall,X-Scissor,Aqua Jet,Atk/Def/SpD
Dugtrio-2,Timid,Bright Powder,Fissure,Toxic,Substitute,Sandstorm,HP/Spd
Marowak-2,Jolly,Thick Club,Earthquake,Stone Edge,Brick Break,Brutal Swing,Atk/Spd
Medicham-3,Jolly,Expert Belt,High Jump Kick,Zen Headbutt,Ice Punch,Bullet Punch,Atk/Spd
Pidgeot-3,Timid,Pidgeotite,Hurricane,Hyper Beam,Tailwind,Quick Attack,Spd/SpA
Mawile-3,Adamant,Mawilite,Play Rough,Iron Head,Sucker Punch,Swords Dance,HP/Atk
Banette-3,Adamant,Banettite,Gunk Shot,Shadow Sneak,Will-O-Wisp,Destiny Bond,HP/Atk
Sableye-3,Bold,Sablenite,Foul Play,Recover,Will-O-Wisp,Snarl,HP/Def
Lanturn-3,Modest,Petaya Berry,Surf,Discharge,Thunder Wave,Ice Beam,Def/SpA/SpD
Breloom-3,Jolly,Focus Sash,Spore,Focus Punch,Rock Slide,Seed Bomb,Atk/Spd
Audino-3,Bold,Audinite,Flamethrower,Healing Wish,Calm Mind,Draining Kiss,Def/SpA
Skarmory-3,Jolly,Choice Scarf,Brave Bird,Steel Wing,Night Slash,Rock Slide,Atk/Spd
Absol-3,Jolly,Focus Sash,Night Slash,Zen Headbutt,Sucker Punch,Play Rough,Atk/Spd
Sharpedo-3,Adamant,Sharpedonite,Crunch,Ice Fang,Aqua Jet,Poison Jab,Atk/Spd
Hariyama-3,Brave,Flame Orb,Fake Out,Close Combat,Detect,Earthquake,Atk/Def
Vespiquen-3,Impish,Sitrus Berry,Attack Order,Defend Order,Roost,Confuse Ray,HP/Def/SpD
Alolan Raichu-2,Timid,Focus Sash,Thunderbolt,Psychic,Grass Knot,Nasty Plot,Spd/SpA
Glalie-3,Timid,Leftovers,Substitute,Sheer Cold,Frost Breath,Protect,Def/Spd
Manectric-3,Timid,Manectite,Thunderbolt,Overheat,Snarl,Quick Attack,Spd/SpA
Staraptor-3,Mild,Choice Band,Close Combat,Brave Bird,U-turn,Giga Impact,Atk/Spd
Gastrodon-3,Quiet,Leftovers,Sandstorm,Mud Bomb,Surf,Recover,Def/SpA
Camerupt-3,Quiet,Cameruptite,Earth Power,Ancient Power,Fire Blast,Will-O-Wisp,HP/SpA
Sawk-3,Jolly,Expert Belt,Close Combat,Payback,Low Sweep,Earthquake,Atk/Spd
Throh-3,Adamant,Expert Belt,Earthquake,Storm Throw,Payback,Rock Slide,Atk/Def/SpD
Unfezant-3,Jolly,Power Herb,Sky Attack,Return,Detect,U-turn,Atk/Spd
Pelipper-3,Bold,Flyinium Z,Hurricane,Scald,Roost,Blizzard,HP/Def
Amoonguss-3,Relaxed,Rocky Helmet,Rage Powder,Spore,Giga Drain,Sludge Bomb,HP/Def
Electrode-3,Timid,Air Balloon,Thunderbolt,Mirror Coat,Thief,Protect,Spd/SpA
Ludicolo-3,Bold,Leftovers,Rain Dance,Leech Seed,Protect,Giga Drain,Def/SpA/SpD
Shiftry-3,Modest,Heat Rock,Sunny Day,Solar Beam,Dark Pulse,Explosion,Def/SpA
Exploud-3,Adamant,Expert Belt,Earthquake,Brick Break,Ice Fang,Crunch,Atk/Def
Lopunny-3,Jolly,Lopunnite,Sweet Kiss,Fake Out,High Jump Kick,Ice Punch,Atk/Spd
Froslass-3,Timid,Icy Rock,Hail,Blizzard,Ice Shard,Shadow Ball,Spd/SpA
Lilligant-3,Bold,Leftovers,Quiver Dance,Energy Ball,Leech Seed,Protect,HP/Def
Darmanitan-3,Sassy,Assault Vest,Psychic,Earthquake,Flare Blitz,Overheat,Def/SpD
Ambipom-3,Jolly,Life Orb,Fake Out,Double Hit,Payback,Brick Break,Atk/Spd
Cofagrigus-3,Quiet,Maranga Berry,Will-O-Wisp,Shadow Ball,Destiny Bond,Trick Room,HP/SpA
Golurk-3,Adamant,Ghostium Z,Dynamic Punch,Shadow Punch,Earthquake,Rock Slide,HP/Atk
Durant-3,Jolly,Occa Berry,X-Scissor,Iron Head,Rock Slide,Shadow Claw,Atk/Spd
Golem-2,Jolly,Focus Sash,Rock Slide,Earthquake,Explosion,Autotomize,HP/Atk
Slowbro-3,Bold,Leftovers,Psychic,Surf,Slack Off,Amnesia,HP/Def
Weezing-3,Modest,Black Sludge,Sludge Bomb,Thunder,Fire Blast,Shadow Ball,HP/SpA
Kangaskhan-3,Jolly,Kangaskhanite,Fake Out,Facade,Rock Slide,Sucker Punch,Atk/Spd
Tauros-3,Jolly,Life Orb,Thrash,Earthquake,Payback,Giga Impact,Atk/Spd
Spiritomb-3,Careful,Leftovers,Will-O-Wisp,Shadow Sneak,Swagger,Psych Up,HP/SpD
Whimsicott-3,Bold,Leftovers,Moonblast,Leech Seed,Substitute,Cotton Guard,HP/Def
Druddigon-3,Adamant,Quick Claw,Crunch,Dragon Claw,Earthquake,Rock Slide,HP/Atk
Musharna-3,Modest,Scope Lens,Psychic,Shadow Ball,Energy Ball,Yawn,Def/SpA
Scrafty-3,Adamant,Fightinium Z,Substitute,Payback,High Jump Kick,Focus Punch,HP/Atk
Ferrothorn-3,Brave,Custap Berry,Protect,Payback,Explosion,Gyro Ball,HP/Atk
Alakazam-3,Timid,Alakazite,Psychic,Focus Blast,Shadow Ball,Grass Knot,Spd/SpA
Slowking-3,Modest,Choice Specs,Psychic,Shadow Ball,Scald,Focus Blast,SpA/SpD
Jellicent-3,Quiet,Mental Herb,Water Spout,Recover,Will-O-Wisp,Trick Room,Def/SpA
Altaria-3,Jolly,Altarianite,Dragon Dance,Dragon Rush,Giga Impact,Earthquake,Atk/Spd
Toxicroak-3,Modest,Focus Sash,Sludge Bomb,Focus Blast,Shadow Ball,Dark Pulse,Spd/SpA
Gothitelle-3,Modest,Kee Berry,Charm,Safeguard,Psychic,Charge Beam,HP/SpA
Reuniclus-3,Quiet,Colbur Berry,Calm Mind,Psychic,Focus Blast,Shadow Ball,Def/SpA
Bisharp-3,Jolly,Chople Berry,Iron Head,Night Slash,Low Sweep,Sucker Punch,Atk/Spd
Abomasnow-3,Quiet,Focus Sash,Blizzard,Sheer Cold,Focus Blast,Ice Shard,HP/SpA
Nidoqueen-3,Modest,Black Sludge,Sludge Bomb,Earth Power,Flamethrower,Ice Beam,HP/SpA
Nidoking-3,Modest,Black Sludge,Earth Power,Sludge Bomb,Protect,Fire Blast,Spd/SpA
Cradily-3,Relaxed,Leftovers,Sandstorm,Toxic,Protect,Earthquake,HP/Def
Armaldo-3,Adamant,Life Orb,X-Scissor,Rock Slide,Earthquake,Iron Defense,HP/SpD
Rampardos-3,Jolly,Choice Scarf,Head Smash,Earthquake,Brick Break,Iron Head,Atk/Spd
Bastiodon-3,Careful,Leftovers,Stone Edge,Fissure,Double Team,Iron Defense,HP/SpD
Shiinotic-3,Relaxed,Leftovers,Moonblast,Giga Drain,Strength Sap,Spore,HP/Def
Mismagius-3,Timid,Ghostium Z,Dazzling Gleam,Shadow Ball,Thunderbolt,Destiny Bond,Spd/SpA
Carracosta-3,Adamant,Damp Rock,Rain Dance,Waterfall,Rock Slide,Earthquake,Atk/Spd
Escavalier-3,Brave,Life Orb,Megahorn,Iron Defense,Poison Jab,Iron Head,HP/Atk
Accelgor-3,Timid,Focus Sash,U-turn,Bug Buzz,Focus Blast,Final Gambit,HP/Spd
Salazzle-3,Timid,Focus Sash,Fire Blast,Sludge Bomb,Nasty Plot,Fake Out,Spd/SpA
Drifblim-3,Timid,Ghostium Z,Shadow Ball,Thunderbolt,Tailwind,Destiny Bond,Def/Spd
Toucannon-3,Impish,Sitrus Berry,Beak Blast,Roost,Rock Blast,Bullet Seed,HP/Def
Oranguru-3,Sassy,Mental Herb,Psychic,Shadow Ball,Focus Blast,Trick Room,SpA/SpD
Komala-3,Adamant,Focus Sash,Flail,Earthquake,Sucker Punch,Play Rough,Atk/SpD
Alolan Muk-2,Adamant,Liechi Berry,Crunch,Belch,Shadow Sneak,Stone Edge,HP/Atk
Gengar-3,Timid,Payapa Berry,Shadow Ball,Energy Ball,Dazzling Gleam,Round,Spd/SpA
Ampharos-3,Modest,Chesto Berry,Thunder Wave,Charge Beam,Hyper Beam,Rest,HP/SpA
Politoed-3,Careful,Chesto Berry,Waterfall,Earthquake,Belly Drum,Rest,Atk/SpD
Pinsir-3,Jolly,Pinsirite,X-Scissor,Superpower,Stone Edge,Thrash,Atk/Spd
Scizor-3,Brave,Life Orb,Swords Dance,Bullet Punch,Reversal,U-turn,HP/Atk
Heracross-3,Jolly,Coba Berry,Megahorn,Stone Edge,Facade,Shadow Claw,Atk/Spd
Ursaring-3,Adamant,Toxic Orb,Facade,Close Combat,Crunch,Protect,HP/Atk
Houndoom-3,Timid,Air Balloon,Flamethrower,Shadow Ball,Sludge Bomb,Will-O-Wisp,Spd/SpA
Tsareena-3,Adamant,Assault Vest,Trop Kick,Payback,High Jump Kick,Play Rough,Atk/SpD
Wailord-3,Careful,Leftovers,Waterfall,Fissure,Aqua Ring,Curse,Def/SpD
Passimian-3,Adamant,Choice Scarf,Close Combat,Earthquake,U-turn,Rock Slide,Atk/Spd
Bronzong-3,Adamant,Quick Claw,Rock Slide,Gyro Ball,Earthquake,Explosion,HP/Atk
Drapion-3,Jolly,Scope Lens,Cross Poison,Night Slash,Fire Fang,Earthquake,Atk/Spd
Crabominable-3,Careful,Sitrus Berry,Close Combat,Ice Hammer,Stone Edge,Earthquake,HP/Atk
Ninetales-2,Timid,Wide Lens,Fire Blast,Dark Pulse,Hypnosis,Energy Ball,Spd/SpA
Machamp-3,Jolly,Choice Scarf,Dynamic Punch,Ice Punch,Rock Slide,Earthquake,Atk/Spd
Shuckle-3,Relaxed,Lax Incense,Gyro Ball,Double Team,Substitute,Power Trick,HP/Def
Mimikyu-3,Jolly,Fairium Z,Play Rough,Shadow Claw,Wood Hammer,Swords Dance,Atk/Spd
Honchkrow-3,Modest,Darkinium Z,Psychic,Dark Pulse,Swagger,Shadow Ball,HP/SpA
Gigalith-3,Adamant,Custap Berry,Stone Edge,Earthquake,Sandstorm,Explosion,HP/Atk
Conkeldurr-3,Adamant,Sitrus Berry,Bulk Up,Drain Punch,Payback,Stone Edge,Atk/SpD
Excadrill-3,Adamant,Bright Powder,Sandstorm,Earthquake,Rock Slide,Poison Jab,Atk/Def/SpD
Wishiwashi-3,Brave,Wacan Berry,Earthquake,Aqua Tail,Ice Beam,U-turn,HP/SpA
Steelix-3,Brave,Quick Claw,Gyro Ball,Earthquake,Rock Slide,Explosion,Atk/SpD
Weavile-3,Jolly,Focus Sash,Fake Out,Ice Punch,Night Slash,Protect,Atk/Spd
Gliscor-3,Adamant,Expert Belt,Aerial Ace,Earthquake,X-Scissor,Stone Edge,Atk/Def
Zoroark-3,Jolly,Sitrus Berry,Swords Dance,Night Slash,U-turn,Sucker Punch,Atk/Spd
Mandibuzz-3,Modest,Sitrus Berry,Nasty Plot,Dark Pulse,Air Slash,Tailwind,HP/Def/SpD
Braviary-3,Adamant,Choice Scarf,Brave Bird,Return,U-turn,Rock Slide,Atk/Spd
Tentacruel-3,Modest,Focus Sash,Hydro Pump,Sludge Bomb,Blizzard,Mirror Coat,HP/SpA
Aerodactyl-3,Adamant,Aerodactylite,Sky Drop,Iron Head,Fire Fang,Thunder Fang,HP/Atk
Porygon2-3,Modest,Eviolite,Tri Attack,Thunderbolt,Psychic,Ice Beam,HP/SpA
Palossand-3,Modest,Sitrus Berry,Earth Power,Shadow Ball,Ancient Power,Sludge Bomb,HP/SpA
Yanmega-3,Modest,Buginium Z,Silver Wind,Air Slash,Detect,Shadow Ball,Spd/SpA
Gardevoir-3,Timid,Lum Berry,Psychic,Shadow Ball,Energy Ball,Dazzling Gleam,Spd/SpA
Gallade-3,Adamant,Scope Lens,Psycho Cut,Stone Edge,Shadow Sneak,X-Scissor,Atk/Spd
Exeggutor-2,Modest,Grassium Z,Leaf Storm,Psychic,Sludge Bomb,Grassy Terrain,HP/SpA
Starmie-3,Timid,Focus Sash,Surf,Psychic,Power Gem,Dazzling Gleam,Spd/SpA
Flygon-3,Timid,White Herb,Draco Meteor,Earth Power,Flamethrower,U-turn,Spd/SpA
Klinklang-3,Adamant,Steelium Z,Shift Gear,Gear Grind,Volt Switch,Giga Impact,Atk/Spd
Chandelure-3,Modest,White Herb,Overheat,Shadow Ball,Protect,Will-O-Wisp,HP/SpA
Vaporeon-3,Modest,Leftovers,Muddy Water,Blizzard,Aqua Ring,Yawn,HP/SpA
Jolteon-3,Timid,King's Rock,Thunder,Shadow Ball,Rain Dance,Yawn,Spd/SpA
Flareon-3,Brave,Firium Z,Flare Blitz,Return,Will-O-Wisp,Overheat,HP/Atk
Espeon-3,Modest,Lum Berry,Psychic,Shadow Ball,Hyper Beam,Grass Knot,Spd/SpA
Umbreon-3,Impish,Sitrus Berry,Feint Attack,Swagger,Psych Up,Screech,HP/Def
Leafeon-3,Adamant,Heat Rock,Sunny Day,Leaf Blade,X-Scissor,Synthesis,Atk/Def
Glaceon-3,Modest,Focus Sash,Hail,Blizzard,Mirror Coat,Hyper Beam,Def/SpA
Lucario-3,Jolly,Lucarionite,Close Combat,Rock Slide,Blaze Kick,Bullet Punch,Atk/Spd
Hippowdon-3,Adamant,Sitrus Berry,Earthquake,Crunch,Slack Off,Yawn,Atk/SpD
Liepard-3,Bold,Red Card,Foul Play,Sucker Punch,Sand Attack,Thunder Wave,HP/Def
Dusknoir-3,Sassy,Leftovers,Toxic,Will-O-Wisp,Protect,Double Team,HP/SpD
Mienshao-3,Jolly,Focus Sash,Low Kick,Fake Out,High Jump Kick,U-turn,Atk/Spd
Beartic-3,Adamant,Sitrus Berry,Swords Dance,Avalanche,Rock Slide,Brick Break,Atk/Def
Bouffalant-3,Adamant,Sitrus Berry,Swords Dance,Earthquake,Head Charge,Payback,HP/Atk
Aggron-3,Adamant,Aggronite,Heavy Slam,Dragon Rush,Thunder Wave,Stone Edge,HP/Atk
Walrein-3,Modest,Leftovers,Surf,Blizzard,Hail,Signal Beam,HP/SpA
Mamoswine-3,Adamant,Lax Incense,Hail,Earthquake,Avalanche,Fissure,HP/Atk
Lapras-3,Modest,Bright Powder,Surf,Ice Beam,Thunderbolt,Psychic,HP/SpA
Crobat-3,Jolly,Razor Claw,Cross Poison,Brave Bird,Zen Headbutt,X-Scissor,Atk/Spd
Magnezone-3,Timid,Bright Powder,Thunder,Flash Cannon,Magnet Rise,Thunder Wave,SpA/Spe
Rhyperior-3,Impish,Focus Sash,Horn Drill,Reversal,Payback,Metal Burst,HP/Def
Tangrowth-3,Modest,Heat Rock,Sunny Day,Solar Beam,Sludge Bomb,Wring Out,Def/SpA
Porygon-Z-3,Modest,Expert Belt,Psychic,Ice Beam,Signal Beam,Charge Beam,HP/SpA
Vanilluxe-3,Modest,Leftovers,Hail,Blizzard,Flash Cannon,Sheer Cold,HP/SpA
Eelektross-3,Brave,Assault Vest,Brick Break,U-turn,Grass Knot,Wild Charge,HP/Atk
Gyarados-3,Jolly,Wacan Berry,Dragon Dance,Waterfall,Ice Fang,Earthquake,Atk/Spd
Snorlax-3,Adamant,Life Orb,Double-Edge,Earthquake,Crunch,Protect,Atk/Def
Kingdra-3,Modest,Maranga Berry,Rain Dance,Hydro Pump,Dragon Pulse,Ice Beam,HP/Spd/SpA
Blissey-3,Bold,Leftovers,Thunderbolt,Ice Beam,Counter,Calm Mind,HP/Def
Milotic-3,Calm,Wide Lens,Hydro Pump,Blizzard,Mirror Coat,Recover,SpA/SpD
Malamar-3,Jolly,Darkinium Z,Superpower,Psycho Cut,Foul Play,Destiny Bond,Atk/Spd
Sandslash-2,Adamant,Smooth Rock,Sandstorm,Earthquake,Stone Edge,X-Scissor,HP/Atk
Haxorus-3,Jolly,Dragonium Z,Outrage,Earthquake,Dragon Claw,Rock Slide,Atk/Spd
Togekiss-3,Timid,King's Rock,Grass Knot,Thunder Wave,Air Slash,Shadow Ball,Spd/SpA
Volcarona-3,Bold,White Herb,Overheat,Quiver Dance,Bug Buzz,Protect,HP/Def
Arcanine-3,Timid,White Herb,Overheat,Sunny Day,Solar Beam,Extreme Speed,Spd/SpA
Archeops-3,Jolly,Choice Band,Aerial Ace,Earthquake,Head Smash,U-turn,Atk/Spd
Dragonite-3,Adamant,Choice Band,Outrage,Earthquake,Giga Impact,Stone Edge,Atk/SpD
Tyranitar-3,Jolly,Chople Berry,Rock Slide,Crunch,Earthquake,Dragon Dance,Atk/Spd
Salamence-3,Timid,Yache Berry,Draco Meteor,Fire Blast,Hydro Pump,Protect,Spd/SpA
Metagross-3,Adamant,Occa Berry,Earthquake,Meteor Mash,Bullet Punch,Explosion,HP/Atk/SpD
Garchomp-3,Jolly,Choice Scarf,Outrage,Earthquake,Fire Fang,Crunch,Atk/Spd
Hydreigon-3,Timid,Dragonium Z,Draco Meteor,Taunt,Earth Power,Flamethrower,Spd/SpA
Slaking-3,Adamant,Choice Band,Giga Impact,Shadow Claw,Hammer Arm,Earthquake,HP/Atk
Venusaur-4,Bold,Venusaurite,Synthesis,Substitute,Sludge Bomb,Giga Drain,HP/Def
Charizard-4,Jolly,Charizardite X,Dragon Rush,Flare Blitz,Dragon Dance,Rock Slide,Atk/Spd
Blastoise-4,Modest,Custap Berry,Yawn,Hydro Pump,Blizzard,Dark Pulse,HP/SpA
Meganium-4,Bold,Leftovers,Leech Seed,Ingrain,Toxic,Protect,Def/SpD
Typhlosion-4,Modest,Power Herb,Extrasensory,Lava Plume,Bulldoze,Solar Beam,Spd/SpA
Feraligatr-4,Adamant,Liechi Berry,Dragon Dance,Waterfall,Crunch,Substitute,Atk/Spd
Sceptile-4,Jolly,Sceptilite,Leaf Blade,Dual Chop,Earthquake,Rock Slide,Atk/Spd
Blaziken-4,Adamant,Blazikenite,Night Slash,Flare Blitz,Stone Edge,Brave Bird,Atk/Spd
Swampert-4,Careful,Chesto Berry,Curse,Rest,Earthquake,Waterfall,HP/SpD
Torterra-4,Careful,Leftovers,Stockpile,Leech Seed,Earthquake,Protect,HP/SpD
Infernape-4,Jolly,Focus Sash,Fake Out,Encore,Flare Blitz,Close Combat,Atk/Spd
Empoleon-4,Calm,Petaya Berry,Surf,Substitute,Blizzard,Whirlpool,HP/SpA
Serperior-4,Modest,Choice Specs,Leaf Storm,,,,Spd/SpA
Emboar-4,Timid,Salac Berry,Substitute,Flamethrower,Focus Blast,Scald,Spd/SpA
Samurott-4,Modest,Salac Berry,Hydro Pump,Ice Beam,Grass Knot,Protect,Def/SpA/SpD
Alolan Dugtrio-2,Jolly,Choice Band,Earthquake,Night Slash,Iron Head,Stone Edge,Atk/Spd
Alolan Marowak-2,Jolly,Thick Club,Shadow Bone,Flare Blitz,Detect,Stomping Tantrum,Atk/Spd
Medicham-4,Adamant,Medichamite,High Jump Kick,Psycho Cut,Fake Out,Detect,Atk/Spd
Pidgeot-4,Modest,Pidgeotite,Hurricane,Feather Dance,Roost,Hyper Beam,Def/SpA
Mawile-4,Adamant,Mawilite,Sucker Punch,Play Rough,Fire Fang,Stone Edge,HP/Atk
Banette-4,Impish,Banettite,Shadow Claw,Will-O-Wisp,Sucker Punch,Gunk Shot,HP/Def
Sableye-4,Careful,Focus Sash,Foul Play,Will-O-Wisp,Metal Burst,Fake Out,HP/SpD
Lanturn-4,Bold,Chesto Berry,Stockpile,Rest,Charge Beam,Ice Beam,Def/SpD
Breloom-4,Careful,Toxic Orb,Protect,Leech Seed,Substitute,Focus Punch,HP/Def/SpD
Audino-4,Modest,Firium Z,Yawn,Hyper Voice,Trick Room,Fire Blast,Def/SpA
Skarmory-4,Careful,Poisonium Z,Spikes,Stealth Rock,Whirlwind,Toxic,HP/SpD
Absol-4,Jolly,Absolite,Sucker Punch,Megahorn,Play Rough,Stone Edge,Atk/Spd
Sharpedo-4,Modest,Focus Sash,Ice Beam,Hydro Pump,Dark Pulse,Protect,Spd/SpA
Hariyama-4,Careful,Sitrus Berry,Belly Drum,Brick Break,Counter,Bullet Punch,Def/SpD
Vespiquen-4,Brave,Custap Berry,Attack Order,U-turn,Aerial Ace,Destiny Bond,HP/Atk
Raichu-2,Jolly,Air Balloon,Fake Out,Volt Tackle,Reversal,Light Screen,Atk/Spd
Glalie-4,Naive,Glalitite,Earthquake,Explosion,Protect,Freeze-Dry,Atk/Spd
Manectric-4,Timid,Choice Scarf,Switcheroo,Thunder,Volt Switch,Overheat,Spd/SpA
Staraptor-4,Jolly,Flyinium Z,Brave Bird,Double-Edge,Roost,Feather Dance,Atk/Spd
Gastrodon-4,Bold,Leftovers,Amnesia,Curse,Earthquake,Waterfall,Def/SpD
Camerupt-4,Quiet,Cameruptite,Earth Power,Heat Wave,Flash Cannon,Protect,HP/SpA
Sawk-4,Adamant,Life Orb,Close Combat,Earthquake,Stone Edge,Taunt,Atk/Spd
Throh-4,Brave,Flame Orb,Protect,Earthquake,Storm Throw,Payback,Atk/SpD
Unfezant-4,Impish,Bright Powder,Detect,Feather Dance,Toxic,Fly,HP/SpD
Pelipper-4,Timid,Waterium Z,Rain Dance,Hurricane,Hydro Pump,Ice Beam,Spd/SpA
Amoonguss-4,Calm,Black Sludge,Giga Drain,Spore,Clear Smog,Synthesis,HP/SpD
Electrode-4,Timid,Damp Rock,Rain Dance,Thunder,Taunt,Light Screen,Spd/SpA
Ludicolo-4,Modest,Kee Berry,Fake Out,Hydro Pump,Leech Seed,Grass Knot,Spd/SpA
Shiftry-4,Adamant,Focus Sash,Fake Out,X-Scissor,Leaf Blade,Protect,Atk/Def
Exploud-4,Timid,Life Orb,Blizzard,Hyper Voice,Focus Blast,Shadow Ball,Spd/SpA
Lopunny-4,Jolly,Lopunnite,High Jump Kick,Quick Attack,Ice Punch,Double Hit,Atk/Spd
Froslass-4,Timid,Focus Sash,Blizzard,Icy Wind,Shadow Ball,Destiny Bond,Spd/SpA
Lilligant-4,Bold,Grassium Z,Solar Beam,Teeter Dance,Charm,Leech Seed,HP/Def/Spd/SpA
Darmanitan-4,Impish,Choice Scarf,Flare Blitz,Stone Edge,U-turn,Superpower,Atk/Spd
Ambipom-4,Jolly,King's Rock,Fling,Taunt,Return,Payback,Atk/Spd
Cofagrigus-4,Bold,Leftovers,Will-O-Wisp,Toxic,Hex,Calm Mind,HP/SpD
Golurk-4,Brave,Iron Ball,Hammer Arm,Earthquake,Shadow Punch,Fling,HP/Atk
Durant-4,Jolly,Focus Sash,Entrainment,X-Scissor,Iron Head,Protect,HP/Spd
Alolan Golem-2,Jolly,Weakness Policy,Rock Slide,Earthquake,Explosion,Rock Polish,Atk/Spd
Slowbro-4,Quiet,Slowbronite,Psychic,Surf,Blizzard,Trick Room,HP/SpA
Weezing-4,Careful,Chesto Berry,Toxic,Will-O-Wisp,Stockpile,Rest,HP/SpD
Kangaskhan-4,Jolly,Kangaskhanite,Fake Out,Double-Edge,Earthquake,Sucker Punch,Atk/Spd
Tauros-4,Careful,Sitrus Berry,Toxic,Protect,Double Team,Earthquake,HP/SpD
Spiritomb-4,Careful,Custap Berry,Will-O-Wisp,Sucker Punch,Substitute,Pain Split,HP/SpD
Whimsicott-4,Calm,Fairium Z,Moonblast,Tailwind,Swagger,Energy Ball,HP/SpD
Druddigon-4,Adamant,Choice Band,Outrage,Earthquake,Superpower,Dragon Tail,HP/Atk
Musharna-4,Relaxed,Chesto Berry,Stored Power,Calm Mind,Shadow Ball,Rest,Def/SpD
Scrafty-4,Careful,Leftovers,Bulk Up,Payback,Protect,Drain Punch,HP/SpD
Ferrothorn-4,Sassy,Leftovers,Curse,Seed Bomb,Gyro Ball,Ingrain,HP/SpD
Alakazam-4,Timid,Choice Specs,Psychic,Focus Blast,Dazzling Gleam,Trick,Spd/SpA
Slowking-4,Quiet,Waterium Z,Psychic,Surf,Ice Beam,Trick Room,HP/SpD
Jellicent-4,Bold,Sitrus Berry,Scald,Hex,Will-O-Wisp,Recover,HP/Def
Altaria-4,Calm,Wide Lens,Cotton Guard,Sing,Moonblast,Dream Eater,HP/SpD
Toxicroak-4,Adamant,Wide Lens,Cross Chop,Sucker Punch,Poison Jab,Taunt,Atk/Spd
Gothitelle-4,Modest,Bright Powder,Substitute,Flatter,Psych Up,Psychic,HP/SpA
Reuniclus-4,Relaxed,Toxic Orb,Trick,Psychic,Focus Blast,Recover,Def/SpD
Bisharp-4,Adamant,Focus Sash,Taunt,Sucker Punch,Metal Burst,Iron Head,HP/Atk
Abomasnow-4,Quiet,Abomasite,Blizzard,Focus Blast,Protect,Ice Shard,HP/SpA
Nidoqueen-4,Adamant,Black Sludge,Poison Jab,Dragon Tail,Bulldoze,Earthquake,HP/Atk
Nidoking-4,Adamant,Buginium Z,Earthquake,Poison Jab,Megahorn,Protect,Atk/Spd
Cradily-4,Sassy,Big Root,Stockpile,Protect,Ingrain,Giga Drain,HP/Def
Armaldo-4,Adamant,Choice Band,Cross Poison,Stone Edge,Earthquake,X-Scissor,HP/Atk
Rampardos-4,Relaxed,Sitrus Berry,Head Smash,Earthquake,Rock Slide,Protect,Atk/SpD
Bastiodon-4,Brave,Sitrus Berry,Metal Burst,Rock Slide,Wide Guard,Curse,HP/Atk
Shiinotic-4,Sassy,Weakness Policy,Moonblast,Grass Knot,Moonlight,Spore,HP/SpD
Mismagius-4,Bold,Bright Powder,Power Gem,Protect,Perish Song,Mean Look,HP/Def
Carracosta-4,Adamant,Weakness Policy,Waterfall,Rock Slide,Aqua Jet,Earthquake,Atk/Spd
Escavalier-4,Adamant,Custap Berry,Megahorn,Iron Head,Swagger,Reversal,HP/Atk
Accelgor-4,Timid,Focus Sash,Bug Buzz,Encore,Focus Blast,Protect,Spd/SpA
Salazzle-4,Modest,Firium Z,Overheat,Sludge Wave,Dragon Pulse,Fake Out,Spd/SpA
Drifblim-4,Bold,Custap Berry,Shadow Ball,Thunderbolt,Hypnosis,Destiny Bond,Spd/SpD
Toucannon-4,Impish,Rocky Helmet,Beak Blast,Roost,Tailwind,Overheat,HP/Def
Oranguru-4,Modest,Electrium Z,Foul Play,Psychic,Focus Blast,Thunder,HP/SpA
Komala-4,Adamant,Normalium Z,Thrash,Play Rough,Wood Hammer,Sucker Punch,HP/Atk
Muk-2,Adamant,Quick Claw,Gunk Shot,Shadow Sneak,Brick Break,Explosion,HP/Atk
Gengar-4,Timid,Gengarite,Sludge Bomb,Thunderbolt,Shadow Ball,Destiny Bond,Spd/SpA
Ampharos-4,Quiet,Ampharosite,Thunder,Focus Blast,Dragon Pulse,Confuse Ray,HP/SpA
Politoed-4,Modest,Wide Lens,Hydro Pump,Blizzard,Focus Blast,Hypnosis,SpA/SpD
Pinsir-4,Jolly,Choice Scarf,X-Scissor,Earthquake,Close Combat,Guillotine,Atk/Spd
Scizor-4,Adamant,Scizorite,X-Scissor,Aerial Ace,Roost,Bullet Punch,HP/Atk
Heracross-4,Adamant,Heracronite,Pin Missile,Rock Blast,Bullet Seed,Close Combat,HP/Atk
Ursaring-4,Adamant,Quick Claw,Return,Cross Chop,Earthquake,Aerial Ace,HP/Atk
Houndoom-4,Timid,Houndoominite,Fire Blast,Dark Pulse,Solar Beam,Sunny Day,Spd/SpA
Tsareena-4,Jolly,Choice Scarf,Trop Kick,High Jump Kick,Play Rough,U-turn,Atk/Spd
Wailord-4,Modest,Zoom Lens,Hydro Pump,Blizzard,Fissure,Hyper Beam,HP/SpA
Passimian-4,Adamant,Hard Stone,Close Combat,Rock Slide,Feint,Fling,Atk/Spd
Bronzong-4,Brave,Steelium Z,Safeguard,Rock Slide,Gyro Ball,Trick Room,HP/Atk
Drapion-4,Careful,Razor Claw,Cross Poison,Night Slash,Earthquake,Swords Dance,HP/Atk
Crabominable-4,Impish,Weakness Policy,Close Combat,Ice Hammer,Rock Slide,Protect,Atk/Def
Alolan Ninetales-2,Timid,Psychium Z,Freeze-Dry,Dazzling Gleam,Extrasensory,Ice Shard,HP/Spd
Machamp-4,Adamant,Flame Orb,Protect,Earthquake,Close Combat,Payback,Atk/SpD
Shuckle-4,Relaxed,Leftovers,Toxic,Protect,Sandstorm,Wrap,HP/Def
Mimikyu-4,Adamant,Rocky Helmet,Play Rough,Shadow Claw,Destiny Bond,Shadow Sneak,Atk/Spd
Honchkrow-4,Adamant,Life Orb,Night Slash,Drill Peck,Sucker Punch,Thunder Wave,HP/Atk
Gigalith-4,Quiet,Leftovers,Rock Slide,Stealth Rock,Curse,Earthquake,HP/SpD
Conkeldurr-4,Brave,Iron Ball,Fling,Rock Slide,Superpower,Mach Punch,Atk/SpD
Excadrill-4,Adamant,Life Orb,Earthquake,Aerial Ace,Poison Jab,Rock Slide,Atk/Def/SpD
Wishiwashi-4,Quiet,Rindo Berry,Ice Beam,Hydro Pump,U-turn,Endeavor,HP/SpA
Steelix-4,Adamant,Steelixite,Gyro Ball,Earthquake,Stone Edge,Sandstorm,HP/Atk
Weavile-4,Jolly,Focus Sash,Taunt,Ice Punch,Night Slash,Fake Out,Atk/Spd
Gliscor-4,Jolly,Focus Sash,Earthquake,Acrobatics,U-turn,Counter,HP/Spd
Zoroark-4,Timid,Focus Band,Protect,Counter,Dark Pulse,Focus Blast,Spd/SpA
Mandibuzz-4,Careful,Leftovers,Substitute,Swagger,Punishment,Roost,HP/Def/SpD
Braviary-4,Adamant,Wacan Berry,Brave Bird,Tailwind,Superpower,Giga Impact,Atk/Spd
Tentacruel-4,Bold,Black Sludge,Surf,Toxic,Venoshock,Protect,HP/Def
Aerodactyl-4,Jolly,Choice Band,Stone Edge,Aerial Ace,Earthquake,Crunch,Atk/Spd
Porygon2-4,Modest,Eviolite,Tri Attack,Thunder Wave,Shadow Ball,Ice Beam,HP/SpA
Palossand-4,Calm,Weakness Policy,Earth Power,Shadow Ball,Giga Drain,Destiny Bond,HP/SpD
Yanmega-4,Modest,King's Rock,Bug Buzz,Air Slash,Detect,Shadow Ball,Spd/SpA
Gardevoir-4,Modest,Gardevoirite,Psychic,Hyper Beam,Shadow Ball,Focus Blast,HP/SpA
Gallade-4,Jolly,Galladite,Psycho Cut,Close Combat,Rock Slide,Destiny Bond,Atk/Spd
Alolan Exeggutor-2,Brave,Assault Vest,Dragon Hammer,Wood Hammer,Earthquake,Brick Break,HP/Atk
Starmie-4,Timid,King's Rock,Surf,Psychic,Thunderbolt,Ice Beam,Spd/SpA
Flygon-4,Adamant,Rockium Z,Earthquake,Dragon Rush,Crunch,Stone Edge,Atk/Spd
Klinklang-4,Modest,Leftovers,Flash Cannon,Thunderbolt,Protect,Toxic,Spd/SpA
Chandelure-4,Bold,Leftovers,Calm Mind,Will-O-Wisp,Shadow Ball,Heat Wave,HP/SpD
Vaporeon-4,Modest,Expert Belt,Surf,Ice Beam,Shadow Ball,Baby-Doll Eyes,HP/SpA
Jolteon-4,Timid,Darkinium Z,Thunderbolt,Hyper Beam,Fake Tears,Shadow Ball,Spd/SpA
Flareon-4,Adamant,Firium Z,Bite,Quick Attack,Giga Impact,Flare Blitz,Atk/SpD
Espeon-4,Timid,Expert Belt,Psychic,Shadow Ball,Grass Knot,Dazzling Gleam,Spd/SpA
Umbreon-4,Careful,Chesto Berry,Curse,Trump Card,Payback,Rest,HP/Def
Leafeon-4,Adamant,Quick Claw,Leaf Blade,X-Scissor,Aerial Ace,Detect,Atk/Def
Glaceon-4,Modest,Bright Powder,Blizzard,Shadow Ball,Aurora Veil,Detect,Def/SpA
Lucario-4,Serious,Weakness Policy,Aura Sphere,Dragon Pulse,Stone Edge,Extreme Speed,Atk/Spd/SpA
Hippowdon-4,Sassy,Chesto Berry,Curse,Rest,Earthquake,Crunch,HP/SpD
Liepard-4,Timid,Focus Sash,Dark Pulse,Shadow Ball,Grass Knot,Nasty Plot,Spd/SpA
Dusknoir-4,Relaxed,Ghostium Z,Shadow Sneak,Pain Split,Destiny Bond,Trick Room,HP/SpD
Mienshao-4,Impish,Fightinium Z,Feint,Fake Out,High Jump Kick,Wide Guard,HP/Atk
Beartic-4,Jolly,Icium Z,Icy Wind,Icicle Crash,Rock Slide,Brick Break,Atk/Spd
Bouffalant-4,Adamant,Life Orb,Earthquake,Head Charge,Payback,Protect,HP/Atk
Aggron-4,Brave,Shuca Berry,Metal Burst,Taunt,Earthquake,Shadow Claw,Atk/SpD
Walrein-4,Bold,Lax Incense,Sheer Cold,Fissure,Rest,Sleep Talk,Def/SpD
Mamoswine-4,Adamant,Life Orb,Earthquake,Ice Fang,Double-Edge,Stone Edge,HP/Atk
Lapras-4,Quiet,Psychium Z,Blizzard,Hydro Pump,Psychic,Ice Shard,Def/SpA
Crobat-4,Jolly,Wide Lens,Hypnosis,Aerial Ace,Cross Poison,Taunt,Atk/Spd
Magnezone-4,Modest,Assault Vest,Thunderbolt,Flash Cannon,Tri Attack,Volt Switch,HP/SpA
Rhyperior-4,Brave,Rockium Z,Rock Slide,Hammer Arm,Earthquake,Protect,HP/Atk
Tangrowth-4,Adamant,Groundium Z,Power Whip,Earthquake,Aerial Ace,Brick Break,Atk/Def
Porygon-Z-4,Timid,Normalium Z,Tri Attack,Thunderbolt,Shadow Ball,Recover,Spd/SpA
Vanilluxe-4,Calm,Maranga Berry,Taunt,Ice Beam,Acid Armor,Mirror Coat,HP/SpD
Eelektross-4,Bold,Leftovers,Charge Beam,Grass Knot,Flamethrower,Protect,HP/SpD
Gyarados-4,Jolly,Gyaradosite,Dragon Dance,Waterfall,Stone Edge,Crunch,Atk/Spd
Snorlax-4,Careful,Assault Vest,Body Slam,Fissure,Earthquake,Crunch,HP/SpD
Kingdra-4,Modest,Dragonium Z,Draco Meteor,Surf,Blizzard,Protect,HP/Spd/SpA
Blissey-4,Bold,Chople Berry,Toxic,Minimize,Mud Bomb,Soft-Boiled,Def/SpD
Milotic-4,Impish,Leftovers,Ice Beam,Rest,Sleep Talk,Surf,HP/SpD
Malamar-4,Careful,Assault Vest,Psycho Cut,Superpower,Rock Slide,Night Slash,Atk/SpD
Alolan Sandslash-2,Adamant,Icium Z,Hail,Icicle Spear,Iron Head,Aurora Veil,Atk/Spd
Haxorus-4,Jolly,Yache Berry,Dragon Dance,Dragon Claw,Dragon Tail,Earthquake,Atk/Spd
Togekiss-4,Modest,Expert Belt,Aura Sphere,Air Slash,Grass Knot,Dazzling Gleam,Spd/SpA
Volcarona-4,Bold,Leftovers,Hurricane,Quiver Dance,Bug Buzz,Heat Wave,HP/Def
Arcanine-4,Jolly,Fightinium Z,Close Combat,Flare Blitz,Crunch,Extreme Speed,Atk/Spd
Archeops-4,Jolly,Sitrus Berry,Rock Slide,Earthquake,Aerial Ace,Protect,Atk/Spd
Dragonite-4,Adamant,Snowball,Dragon Rush,Iron Tail,Extreme Speed,Fire Punch,Atk/Spd
Tyranitar-4,Brave,Tyranitarite,Stone Edge,Earthquake,Ice Fang,Payback,HP/Atk
Salamence-4,Jolly,Salamencite,Dragon Rush,Crunch,Earthquake,Double-Edge,Atk/Spd
Metagross-4,Jolly,Metagrossite,Zen Headbutt,Meteor Mash,Brick Break,Bullet Punch,Atk/Spd
Garchomp-4,Adamant,Garchompite,Sandstorm,Stone Edge,Earthquake,Dragon Claw,HP/Atk
Hydreigon-4,Jolly,Roseli Berry,Dragon Rush,Earthquake,Crunch,Dragon Tail,Atk/Spd
Slaking-4,Jolly,Life Orb,Return,Night Slash,Rock Slide,Aerial Ace,Atk/Spd
Articuno-1,Modest,Icy Rock,Hail,Blizzard,Fly,Roost,HP/SpA
Zapdos-1,Timid,Rockium Z,Thunderbolt,Thunder Wave,U-turn,Ancient Power,Spd/SpA
Moltres-1,Modest,White Herb,Overheat,Air Slash,Agility,Will-O-Wisp,Spd/SpA
Raikou-1,Timid,Shuca Berry,Thunderbolt,Volt Switch,Shadow Ball,Extrasensory,Spd/SpA
Entei-1,Lonely,Focus Sash,Overheat,Flame Charge,Fire Fang,Stone Edge,Atk/Spd
Suicune-1,Bold,Chesto Berry,Calm Mind,Surf,Ice Beam,Rest,HP/Def
Regirock-1,Careful,Leftovers,Sandstorm,Curse,Rock Slide,Hammer Arm,HP/SpD
Regice-1,Modest,Sitrus Berry,Thunderbolt,Ice Beam,Focus Blast,Toxic,HP/SpA
Registeel-1,Careful,Chesto Berry,Curse,Amnesia,Iron Head,Rest,HP/SpD
Cobalion-1,Bold,Chesto Berry,Focus Blast,Flash Cannon,Calm Mind,Rest,HP/SpD
Terrakion-1,Jolly,Expert Belt,Close Combat,Earthquake,Stone Edge,Aerial Ace,Atk/Spd
Virizion-1,Jolly,Fightinium Z,Sacred Sword,Leaf Blade,Taunt,Stone Edge,Atk/Spd
Tornadus-1,Timid,Flyinium Z,Hurricane,Grass Knot,Focus Blast,Dark Pulse,Spd/SpA
Thundurus-1,Bold,Chesto Berry,Thunderbolt,Protect,Toxic,Rest,HP/SpD
Latias-1,Bold,Lax Incense,Calm Mind,Mist Ball,Dragon Pulse,Recover,HP/Def
Latios-1,Bold,Lax Incense,Calm Mind,Luster Purge,Dragon Pulse,Recover,HP/Def
Heatran-1,Modest,Focus Sash,Lava Plume,Earth Power,Flash Cannon,Dark Pulse,HP/SpA
Cresselia-1,Bold,Chesto Berry,Calm Mind,Psychic,Shadow Ball,Rest,HP/Def
Landorus-1,Careful,Bright Powder,Rest,Sleep Talk,Smack Down,Fissure,Def/SpD
Regigigas-1,Adamant,Leftovers,Confuse Ray,Double Team,Bulldoze,Payback,HP/Atk
Articuno-2,Bold,Lum Berry,Sheer Cold,Mind Reader,Ice Shard,Ice Beam,HP/SpD
Zapdos-2,Bold,Bright Powder,Charge Beam,Ancient Power,Double Team,Roost,HP/SpD
Moltres-2,Naughty,Power Herb,Flame Charge,Sky Attack,Aerial Ace,Fire Blast,Atk/Spd
Raikou-2,Timid,Electrium Z,Charge Beam,Thunder Wave,Calm Mind,Shadow Ball,Def/Spd
Entei-2,Bold,Chesto Berry,Calm Mind,Will-O-Wisp,Flamethrower,Rest,HP/Def/SpD
Suicune-2,Modest,Sitrus Berry,Hydro Pump,Ice Beam,Shadow Ball,Mirror Coat,HP/SpA
Regirock-2,Adamant,Custap Berry,Stone Edge,Hammer Arm,Earthquake,Explosion,HP/Atk
Regice-2,Timid,Chesto Berry,Thunderbolt,Icy Wind,Ice Beam,Rest,HP/Def/Spd
Registeel-2,Jolly,Fightinium Z,Rock Polish,Earthquake,Iron Head,Superpower,Atk/Spd
Cobalion-2,Brave,Maranga Berry,Metal Burst,Sacred Sword,Quick Attack,Iron Head,HP/Atk
Terrakion-2,Adamant,Choice Scarf,Sacred Sword,Earthquake,Stone Edge,Aerial Ace,Atk/Spd
Virizion-2,Timid,Poisonium Z,Energy Ball,Focus Blast,Calm Mind,Toxic,Def/Spd
Tornadus-2,Modest,Yache Berry,Substitute,Double Team,Focus Blast,Hurricane,HP/SpA
Thundurus-2,Timid,Choice Specs,Thunderbolt,Dark Pulse,Focus Blast,Grass Knot,Spd/SpA
Latias-2,Timid,White Herb,Draco Meteor,Thunder,Psychic,Mist Ball,Spd/SpA
Latios-2,Timid,White Herb,Draco Meteor,Thunderbolt,Psychic,Protect,Spd/SpA
Heatran-2,Modest,White Herb,Overheat,Will-O-Wisp,Flash Cannon,Protect,HP/SpA
Cresselia-2,Bold,Leftovers,Double Team,Moonlight,Toxic,Protect,HP/SpD
Landorus-2,Modest,Choice Scarf,Earth Power,Extrasensory,Focus Blast,Grass Knot,Spd/SpA
Regigigas-2,Quiet,Zoom Lens,Thunder,Toxic,Focus Blast,Confuse Ray,HP/SpA
Articuno-3,Jolly,Charti Berry,Frost Breath,Reflect,Steel Wing,U-turn,Atk/Spd
Zapdos-3,Naive,Petaya Berry,Thunder,Light Screen,Rain Dance,Drill Peck,Spd/SpA
Moltres-3,Timid,Heat Rock,Sunny Day,Solar Beam,Flamethrower,Air Slash,Spd/SpA
Raikou-3,Timid,Electrium Z,Thunderbolt,Volt Switch,Shadow Ball,Protect,Spd/SpA
Entei-3,Timid,Choice Scarf,Eruption,Fire Blast,Extrasensory,Solar Beam,Spd/SpA
Suicune-3,Bold,Leftovers,Surf,Blizzard,Calm Mind,Protect,HP/Def
Regirock-3,Adamant,Rockium Z,Thunder Wave,Stone Edge,Hammer Arm,Earthquake,HP/Atk
Regice-3,Bold,Leftovers,Charge Beam,Ice Beam,Amnesia,Protect,HP/Def
Registeel-3,Bold,Leftovers,Amnesia,Iron Defense,Charge Beam,Flash Cannon,HP/SpD
Cobalion-3,Jolly,Lax Incense,Swagger,Substitute,Psych Up,Iron Head,Atk/Spd
Terrakion-3,Jolly,Sitrus Berry,Swords Dance,Sacred Sword,Earthquake,Rock Slide,Atk/Spd
Virizion-3,Jolly,Coba Berry,Leaf Blade,Stone Edge,Sacred Sword,Protect,Atk/Spd
Tornadus-3,Bold,Chesto Berry,Rest,Air Slash,Dark Pulse,Focus Blast,HP/SpD
Thundurus-3,Jolly,Sitrus Berry,Wild Charge,U-turn,Crunch,Sky Drop,Atk/Spd
Latias-3,Adamant,Life Orb,Zen Headbutt,Earthquake,Thunder Wave,Dragon Claw,Atk/Spd
Latios-3,Timid,Choice Specs,Draco Meteor,Thunder,Psychic,Energy Ball,Spd/SpA
Heatran-3,Modest,Shuca Berry,Sunny Day,Fire Blast,Solar Beam,Earth Power,HP/SpA
Cresselia-3,Bold,Lum Berry,Future Sight,Moonlight,Double Team,Swagger,HP/SpD
Landorus-3,Jolly,Smooth Rock,Sandstorm,Earthquake,Rock Slide,Protect,Atk/Spd
Regigigas-3,Adamant,Leftovers,Confuse Ray,Knock Off,Thunder Wave,Rock Slide,HP/Atk
Articuno-4,Modest,Leftovers,Tailwind,Blizzard,Sky Drop,Protect,Spd/SpA
Zapdos-4,Adamant,Flyinium Z,Wild Charge,Drill Peck,Thunder Wave,Roost,HP/Atk
Moltres-4,Timid,Firium Z,Heat Wave,Burn Up,Air Slash,Protect,Spd/SpA
Raikou-4,Timid,Air Balloon,Thunder,Discharge,Reflect,Extrasensory,Spd/SpA
Entei-4,Adamant,Life Orb,Sacred Fire,Bulldoze,Stone Edge,Protect,HP/Atk
Suicune-4,Timid,Lum Berry,Snarl,Surf,Blizzard,Protect,Spd/SpA
Regirock-4,Jolly,Sitrus Berry,Rock Polish,Rock Slide,Superpower,Explosion,Atk/Spd
Regice-4,Impish,Zoom Lens,Thunder,Blizzard,Focus Blast,Thunder Wave,HP/SpD
Registeel-4,Adamant,Leftovers,Toxic,Double Team,Earthquake,Protect,HP/Atk
Cobalion-4,Jolly,Life Orb,Iron Head,Close Combat,Quick Guard,Protect,Atk/Spd
Terrakion-4,Jolly,King's Rock,Bulldoze,Rock Slide,Earthquake,Sacred Sword,Atk/Spd
Virizion-4,Impish,Chesto Berry,Leaf Blade,Swords Dance,Sacred Sword,Rest,HP/Def
Tornadus-4,Timid,Damp Rock,Hurricane,Focus Blast,Taunt,Rain Dance,Spd/SpA
Thundurus-4,Timid,Electrium Z,Discharge,Focus Blast,Volt Switch,Taunt,Spd/SpA
Latias-4,Modest,Latiasite,Dragon Pulse,Roost,Thunder Wave,Psychic,HP/SpA
Latios-4,Adamant,Latiosite,Zen Headbutt,Earthquake,Dragon Dance,Dragon Claw,Atk/Spd
Heatran-4,Timid,Choice Scarf,Magma Storm,Earth Power,Dark Pulse,Flash Cannon,Spd/SpA
Cresselia-4,Quiet,Iron Ball,Psychic,Shadow Ball,Moonblast,Trick Room,Def/SpA
Landorus-4,Adamant,White Herb,Hammer Arm,Earthquake,Explosion,U-turn,Atk/Def
Regigigas-4,Careful,Leftovers,Wide Guard,Double Team,Confuse Ray,Toxic,HP/Def
Wash Rotom-4,Modest,Sitrus Berry,Hydro Pump,Thunder,Will-O-Wisp,Shadow Ball,HP/SpA
Mow Rotom-4,Modest,White Herb,Leaf Storm,Thunder,Thunder Wave,Dark Pulse,HP/SpA
Frost Rotom-4,Modest,Zoom Lens,Blizzard,Thunder,Will-O-Wisp,Shadow Ball,HP/SpA
Fan Rotom-4,Timid,Choice Scarf,Air Slash,Thunder,Dark Pulse,Trick,Spd/SpA
Electivire-4,Adamant,Life Orb,Wild Charge,Feint,Ice Punch,Cross Chop,HP/Atk
Magmortar-4,Modest,Air Balloon,Fire Blast,Psychic,Will-O-Wisp,Focus Blast,HP/SpA
Probopass-4,Calm,Sitrus Berry,Tri Attack,Power Gem,Flash Cannon,Dazzling Gleam,HP/SpD
Lickilicky-4,Adamant,Normalium Z,Explosion,Brutal Swing,Hammer Arm,Dragon Tail,HP/Atk